{
    "target": {
        "0.0": {
            "accuracy": 0.996,
            "f1_score": 0.9979959919839679,
            "recall": 0.996,
            "precision": 1.0
        },
        "0.1": {
            "accuracy": 0.996,
            "f1_score": 0.9979959919839679,
            "recall": 0.996,
            "precision": 1.0
        },
        "0.15": {
            "accuracy": 0.996,
            "f1_score": 0.9979959919839679,
            "recall": 0.996,
            "precision": 1.0
        },
        "0.2": {
            "accuracy": 0.995,
            "f1_score": 0.9974937343358395,
            "recall": 0.995,
            "precision": 1.0
        },
        "0.25": {
            "accuracy": 0.993,
            "f1_score": 0.9964877069744105,
            "recall": 0.993,
            "precision": 1.0
        },
        "0.3": {
            "accuracy": 0.993,
            "f1_score": 0.9964877069744105,
            "recall": 0.993,
            "precision": 1.0
        },
        "0.35": {
            "accuracy": 0.992,
            "f1_score": 0.9959839357429718,
            "recall": 0.992,
            "precision": 1.0
        },
        "0.4": {
            "accuracy": 0.992,
            "f1_score": 0.9959839357429718,
            "recall": 0.992,
            "precision": 1.0
        },
        "0.45": {
            "accuracy": 0.992,
            "f1_score": 0.9959839357429718,
            "recall": 0.992,
            "precision": 1.0
        },
        "0.5": {
            "accuracy": 0.992,
            "f1_score": 0.9959839357429718,
            "recall": 0.992,
            "precision": 1.0
        },
        "0.55": {
            "accuracy": 0.992,
            "f1_score": 0.9959839357429718,
            "recall": 0.992,
            "precision": 1.0
        },
        "0.6": {
            "accuracy": 0.991,
            "f1_score": 0.9954796584630838,
            "recall": 0.991,
            "precision": 1.0
        },
        "0.65": {
            "accuracy": 0.99,
            "f1_score": 0.9949748743718593,
            "recall": 0.99,
            "precision": 1.0
        },
        "0.7": {
            "accuracy": 0.99,
            "f1_score": 0.9949748743718593,
            "recall": 0.99,
            "precision": 1.0
        },
        "0.75": {
            "accuracy": 0.992,
            "f1_score": 0.9959839357429718,
            "recall": 0.992,
            "precision": 1.0
        },
        "0.8": {
            "accuracy": 0.988,
            "f1_score": 0.993963782696177,
            "recall": 0.988,
            "precision": 1.0
        },
        "0.85": {
            "accuracy": 0.989,
            "f1_score": 0.9944695827048768,
            "recall": 0.989,
            "precision": 1.0
        },
        "0.9": {
            "accuracy": 0.974,
            "f1_score": 0.9868287740628167,
            "recall": 0.974,
            "precision": 1.0
        },
        "0.95": {
            "accuracy": 0.883,
            "f1_score": 0.9378651088688263,
            "recall": 0.883,
            "precision": 1.0
        },
        "0.99": {
            "accuracy": 0.12,
            "f1_score": 0.21428571428571427,
            "recall": 0.12,
            "precision": 1.0
        }
    },
    "baseline": {
        "0.0": {
            "accuracy": 0.865,
            "f1_score": 0.9276139410187667,
            "recall": 0.865,
            "precision": 1.0
        },
        "0.1": {
            "accuracy": 0.838,
            "f1_score": 0.911860718171926,
            "recall": 0.838,
            "precision": 1.0
        },
        "0.15": {
            "accuracy": 0.829,
            "f1_score": 0.9065062875888463,
            "recall": 0.829,
            "precision": 1.0
        },
        "0.2": {
            "accuracy": 0.826,
            "f1_score": 0.9047097480832419,
            "recall": 0.826,
            "precision": 1.0
        },
        "0.25": {
            "accuracy": 0.819,
            "f1_score": 0.9004947773501925,
            "recall": 0.819,
            "precision": 1.0
        },
        "0.3": {
            "accuracy": 0.804,
            "f1_score": 0.8913525498891353,
            "recall": 0.804,
            "precision": 1.0
        },
        "0.35": {
            "accuracy": 0.785,
            "f1_score": 0.8795518207282913,
            "recall": 0.785,
            "precision": 1.0
        },
        "0.4": {
            "accuracy": 0.764,
            "f1_score": 0.8662131519274376,
            "recall": 0.764,
            "precision": 1.0
        },
        "0.45": {
            "accuracy": 0.738,
            "f1_score": 0.8492520138089759,
            "recall": 0.738,
            "precision": 1.0
        },
        "0.5": {
            "accuracy": 0.711,
            "f1_score": 0.831092928112215,
            "recall": 0.711,
            "precision": 1.0
        },
        "0.55": {
            "accuracy": 0.671,
            "f1_score": 0.8031119090365051,
            "recall": 0.671,
            "precision": 1.0
        },
        "0.6": {
            "accuracy": 0.636,
            "f1_score": 0.7775061124694377,
            "recall": 0.636,
            "precision": 1.0
        },
        "0.65": {
            "accuracy": 0.602,
            "f1_score": 0.7515605493133583,
            "recall": 0.602,
            "precision": 1.0
        },
        "0.7": {
            "accuracy": 0.562,
            "f1_score": 0.7195902688860435,
            "recall": 0.562,
            "precision": 1.0
        },
        "0.75": {
            "accuracy": 0.501,
            "f1_score": 0.6675549633577615,
            "recall": 0.501,
            "precision": 1.0
        },
        "0.8": {
            "accuracy": 0.444,
            "f1_score": 0.6149584487534626,
            "recall": 0.444,
            "precision": 1.0
        },
        "0.85": {
            "accuracy": 0.411,
            "f1_score": 0.5825655563430191,
            "recall": 0.411,
            "precision": 1.0
        },
        "0.9": {
            "accuracy": 0.381,
            "f1_score": 0.5517740767559739,
            "recall": 0.381,
            "precision": 1.0
        },
        "0.95": {
            "accuracy": 0.312,
            "f1_score": 0.47560975609756095,
            "recall": 0.312,
            "precision": 1.0
        },
        "0.99": {
            "accuracy": 0.209,
            "f1_score": 0.3457402812241522,
            "recall": 0.209,
            "precision": 1.0
        }
    }
}