{
    "target": {
        "0.0": {
            "accuracy": 0.488,
            "f1_score": 0.6559139784946236,
            "recall": 0.488,
            "precision": 1.0
        },
        "0.1": {
            "accuracy": 0.829,
            "f1_score": 0.9065062875888463,
            "recall": 0.829,
            "precision": 1.0
        },
        "0.15": {
            "accuracy": 0.831,
            "f1_score": 0.9077007099945386,
            "recall": 0.831,
            "precision": 1.0
        },
        "0.2": {
            "accuracy": 0.831,
            "f1_score": 0.9077007099945386,
            "recall": 0.831,
            "precision": 1.0
        },
        "0.25": {
            "accuracy": 0.823,
            "f1_score": 0.9029072956664839,
            "recall": 0.823,
            "precision": 1.0
        },
        "0.3": {
            "accuracy": 0.806,
            "f1_score": 0.8925802879291251,
            "recall": 0.806,
            "precision": 1.0
        },
        "0.35": {
            "accuracy": 0.764,
            "f1_score": 0.8662131519274376,
            "recall": 0.764,
            "precision": 1.0
        },
        "0.4": {
            "accuracy": 0.704,
            "f1_score": 0.8262910798122066,
            "recall": 0.704,
            "precision": 1.0
        },
        "0.45": {
            "accuracy": 0.646,
            "f1_score": 0.7849331713244229,
            "recall": 0.646,
            "precision": 1.0
        },
        "0.5": {
            "accuracy": 0.618,
            "f1_score": 0.7639060568603214,
            "recall": 0.618,
            "precision": 1.0
        },
        "0.55": {
            "accuracy": 0.598,
            "f1_score": 0.7484355444305382,
            "recall": 0.598,
            "precision": 1.0
        },
        "0.6": {
            "accuracy": 0.583,
            "f1_score": 0.7365761212886923,
            "recall": 0.583,
            "precision": 1.0
        },
        "0.65": {
            "accuracy": 0.571,
            "f1_score": 0.7269255251432208,
            "recall": 0.571,
            "precision": 1.0
        },
        "0.7": {
            "accuracy": 0.559,
            "f1_score": 0.7171263630532393,
            "recall": 0.559,
            "precision": 1.0
        },
        "0.75": {
            "accuracy": 0.543,
            "f1_score": 0.7038237200259235,
            "recall": 0.543,
            "precision": 1.0
        },
        "0.8": {
            "accuracy": 0.507,
            "f1_score": 0.6728599867285998,
            "recall": 0.507,
            "precision": 1.0
        },
        "0.85": {
            "accuracy": 0.436,
            "f1_score": 0.6072423398328691,
            "recall": 0.436,
            "precision": 1.0
        },
        "0.9": {
            "accuracy": 0.337,
            "f1_score": 0.5041136873597607,
            "recall": 0.337,
            "precision": 1.0
        },
        "0.95": {
            "accuracy": 0.218,
            "f1_score": 0.3579638752052545,
            "recall": 0.218,
            "precision": 1.0
        },
        "0.99": {
            "accuracy": 0.042,
            "f1_score": 0.08061420345489444,
            "recall": 0.042,
            "precision": 1.0
        }
    },
    "baseline": {
        "0.0": {
            "accuracy": 0.938,
            "f1_score": 0.9680082559339526,
            "recall": 0.938,
            "precision": 1.0
        },
        "0.1": {
            "accuracy": 0.941,
            "f1_score": 0.9696032972694487,
            "recall": 0.941,
            "precision": 1.0
        },
        "0.15": {
            "accuracy": 0.942,
            "f1_score": 0.9701338825952626,
            "recall": 0.942,
            "precision": 1.0
        },
        "0.2": {
            "accuracy": 0.943,
            "f1_score": 0.970663921770458,
            "recall": 0.943,
            "precision": 1.0
        },
        "0.25": {
            "accuracy": 0.943,
            "f1_score": 0.970663921770458,
            "recall": 0.943,
            "precision": 1.0
        },
        "0.3": {
            "accuracy": 0.942,
            "f1_score": 0.9701338825952626,
            "recall": 0.942,
            "precision": 1.0
        },
        "0.35": {
            "accuracy": 0.941,
            "f1_score": 0.9696032972694487,
            "recall": 0.941,
            "precision": 1.0
        },
        "0.4": {
            "accuracy": 0.94,
            "f1_score": 0.9690721649484536,
            "recall": 0.94,
            "precision": 1.0
        },
        "0.45": {
            "accuracy": 0.934,
            "f1_score": 0.9658738366080661,
            "recall": 0.934,
            "precision": 1.0
        },
        "0.5": {
            "accuracy": 0.93,
            "f1_score": 0.9637305699481865,
            "recall": 0.93,
            "precision": 1.0
        },
        "0.55": {
            "accuracy": 0.926,
            "f1_score": 0.9615784008307373,
            "recall": 0.926,
            "precision": 1.0
        },
        "0.6": {
            "accuracy": 0.923,
            "f1_score": 0.9599583983359334,
            "recall": 0.923,
            "precision": 1.0
        },
        "0.65": {
            "accuracy": 0.921,
            "f1_score": 0.9588755856324831,
            "recall": 0.921,
            "precision": 1.0
        },
        "0.7": {
            "accuracy": 0.923,
            "f1_score": 0.9599583983359334,
            "recall": 0.923,
            "precision": 1.0
        },
        "0.75": {
            "accuracy": 0.91,
            "f1_score": 0.9528795811518325,
            "recall": 0.91,
            "precision": 1.0
        },
        "0.8": {
            "accuracy": 0.892,
            "f1_score": 0.9429175475687104,
            "recall": 0.892,
            "precision": 1.0
        },
        "0.85": {
            "accuracy": 0.826,
            "f1_score": 0.9047097480832419,
            "recall": 0.826,
            "precision": 1.0
        },
        "0.9": {
            "accuracy": 0.765,
            "f1_score": 0.8668555240793201,
            "recall": 0.765,
            "precision": 1.0
        },
        "0.95": {
            "accuracy": 0.667,
            "f1_score": 0.8002399520095981,
            "recall": 0.667,
            "precision": 1.0
        },
        "0.99": {
            "accuracy": 0.31,
            "f1_score": 0.4732824427480916,
            "recall": 0.31,
            "precision": 1.0
        }
    }
}