{
    "target": {
        "0.0": {
            "accuracy": 0.957,
            "f1_score": 0.9780275932549821,
            "recall": 0.957,
            "precision": 1.0
        },
        "0.1": {
            "accuracy": 0.885,
            "f1_score": 0.9389920424403183,
            "recall": 0.885,
            "precision": 1.0
        },
        "0.15": {
            "accuracy": 0.856,
            "f1_score": 0.9224137931034483,
            "recall": 0.856,
            "precision": 1.0
        },
        "0.2": {
            "accuracy": 0.825,
            "f1_score": 0.9041095890410958,
            "recall": 0.825,
            "precision": 1.0
        },
        "0.25": {
            "accuracy": 0.8,
            "f1_score": 0.8888888888888888,
            "recall": 0.8,
            "precision": 1.0
        },
        "0.3": {
            "accuracy": 0.774,
            "f1_score": 0.8726042841037204,
            "recall": 0.774,
            "precision": 1.0
        },
        "0.35": {
            "accuracy": 0.758,
            "f1_score": 0.8623435722411832,
            "recall": 0.758,
            "precision": 1.0
        },
        "0.4": {
            "accuracy": 0.724,
            "f1_score": 0.839907192575406,
            "recall": 0.724,
            "precision": 1.0
        },
        "0.45": {
            "accuracy": 0.677,
            "f1_score": 0.8073941562313656,
            "recall": 0.677,
            "precision": 1.0
        },
        "0.5": {
            "accuracy": 0.637,
            "f1_score": 0.7782529016493586,
            "recall": 0.637,
            "precision": 1.0
        },
        "0.55": {
            "accuracy": 0.578,
            "f1_score": 0.7325728770595691,
            "recall": 0.578,
            "precision": 1.0
        },
        "0.6": {
            "accuracy": 0.549,
            "f1_score": 0.7088444157520981,
            "recall": 0.549,
            "precision": 1.0
        },
        "0.65": {
            "accuracy": 0.526,
            "f1_score": 0.6893840104849279,
            "recall": 0.526,
            "precision": 1.0
        },
        "0.7": {
            "accuracy": 0.492,
            "f1_score": 0.6595174262734584,
            "recall": 0.492,
            "precision": 1.0
        },
        "0.75": {
            "accuracy": 0.459,
            "f1_score": 0.6291980808773132,
            "recall": 0.459,
            "precision": 1.0
        },
        "0.8": {
            "accuracy": 0.407,
            "f1_score": 0.5785358919687278,
            "recall": 0.407,
            "precision": 1.0
        },
        "0.85": {
            "accuracy": 0.348,
            "f1_score": 0.516320474777448,
            "recall": 0.348,
            "precision": 1.0
        },
        "0.9": {
            "accuracy": 0.251,
            "f1_score": 0.4012789768185452,
            "recall": 0.251,
            "precision": 1.0
        },
        "0.95": {
            "accuracy": 0.119,
            "f1_score": 0.2126899016979446,
            "recall": 0.119,
            "precision": 1.0
        },
        "0.99": {
            "accuracy": 0.002,
            "f1_score": 0.003992015968063872,
            "recall": 0.002,
            "precision": 1.0
        }
    },
    "baseline": {
        "0.0": {
            "accuracy": 0.927,
            "f1_score": 0.9621172807472755,
            "recall": 0.927,
            "precision": 1.0
        },
        "0.1": {
            "accuracy": 0.607,
            "f1_score": 0.7554449284380834,
            "recall": 0.607,
            "precision": 1.0
        },
        "0.15": {
            "accuracy": 0.562,
            "f1_score": 0.7195902688860435,
            "recall": 0.562,
            "precision": 1.0
        },
        "0.2": {
            "accuracy": 0.538,
            "f1_score": 0.6996098829648895,
            "recall": 0.538,
            "precision": 1.0
        },
        "0.25": {
            "accuracy": 0.524,
            "f1_score": 0.6876640419947506,
            "recall": 0.524,
            "precision": 1.0
        },
        "0.3": {
            "accuracy": 0.509,
            "f1_score": 0.6746189529489728,
            "recall": 0.509,
            "precision": 1.0
        },
        "0.35": {
            "accuracy": 0.5,
            "f1_score": 0.6666666666666666,
            "recall": 0.5,
            "precision": 1.0
        },
        "0.4": {
            "accuracy": 0.495,
            "f1_score": 0.6622073578595318,
            "recall": 0.495,
            "precision": 1.0
        },
        "0.45": {
            "accuracy": 0.502,
            "f1_score": 0.6684420772303595,
            "recall": 0.502,
            "precision": 1.0
        },
        "0.5": {
            "accuracy": 0.498,
            "f1_score": 0.664886515353805,
            "recall": 0.498,
            "precision": 1.0
        },
        "0.55": {
            "accuracy": 0.495,
            "f1_score": 0.6622073578595318,
            "recall": 0.495,
            "precision": 1.0
        },
        "0.6": {
            "accuracy": 0.492,
            "f1_score": 0.6595174262734584,
            "recall": 0.492,
            "precision": 1.0
        },
        "0.65": {
            "accuracy": 0.496,
            "f1_score": 0.6631016042780749,
            "recall": 0.496,
            "precision": 1.0
        },
        "0.7": {
            "accuracy": 0.501,
            "f1_score": 0.6675549633577615,
            "recall": 0.501,
            "precision": 1.0
        },
        "0.75": {
            "accuracy": 0.517,
            "f1_score": 0.6816084377059987,
            "recall": 0.517,
            "precision": 1.0
        },
        "0.8": {
            "accuracy": 0.534,
            "f1_score": 0.6962190352020861,
            "recall": 0.534,
            "precision": 1.0
        },
        "0.85": {
            "accuracy": 0.555,
            "f1_score": 0.7138263665594855,
            "recall": 0.555,
            "precision": 1.0
        },
        "0.9": {
            "accuracy": 0.622,
            "f1_score": 0.7669543773119606,
            "recall": 0.622,
            "precision": 1.0
        },
        "0.95": {
            "accuracy": 0.71,
            "f1_score": 0.8304093567251462,
            "recall": 0.71,
            "precision": 1.0
        },
        "0.99": {
            "accuracy": 0.541,
            "f1_score": 0.7021414665801428,
            "recall": 0.541,
            "precision": 1.0
        }
    }
}