{
    "target": {
        "0.0": {
            "accuracy": 0.488,
            "f1_score": 0.6559139784946236,
            "recall": 0.488,
            "precision": 1.0
        },
        "0.1": {
            "accuracy": 0.491,
            "f1_score": 0.6586183769282361,
            "recall": 0.491,
            "precision": 1.0
        },
        "0.15": {
            "accuracy": 0.487,
            "f1_score": 0.6550100874243443,
            "recall": 0.487,
            "precision": 1.0
        },
        "0.2": {
            "accuracy": 0.489,
            "f1_score": 0.6568166554734721,
            "recall": 0.489,
            "precision": 1.0
        },
        "0.25": {
            "accuracy": 0.5,
            "f1_score": 0.6666666666666666,
            "recall": 0.5,
            "precision": 1.0
        },
        "0.3": {
            "accuracy": 0.493,
            "f1_score": 0.6604152712659076,
            "recall": 0.493,
            "precision": 1.0
        },
        "0.35": {
            "accuracy": 0.49,
            "f1_score": 0.6577181208053692,
            "recall": 0.49,
            "precision": 1.0
        },
        "0.4": {
            "accuracy": 0.488,
            "f1_score": 0.6559139784946236,
            "recall": 0.488,
            "precision": 1.0
        },
        "0.45": {
            "accuracy": 0.485,
            "f1_score": 0.6531986531986532,
            "recall": 0.485,
            "precision": 1.0
        },
        "0.5": {
            "accuracy": 0.484,
            "f1_score": 0.6522911051212938,
            "recall": 0.484,
            "precision": 1.0
        },
        "0.55": {
            "accuracy": 0.475,
            "f1_score": 0.6440677966101694,
            "recall": 0.475,
            "precision": 1.0
        },
        "0.6": {
            "accuracy": 0.471,
            "f1_score": 0.6403806934058464,
            "recall": 0.471,
            "precision": 1.0
        },
        "0.65": {
            "accuracy": 0.453,
            "f1_score": 0.6235375086028906,
            "recall": 0.453,
            "precision": 1.0
        },
        "0.7": {
            "accuracy": 0.446,
            "f1_score": 0.6168741355463347,
            "recall": 0.446,
            "precision": 1.0
        },
        "0.75": {
            "accuracy": 0.448,
            "f1_score": 0.6187845303867403,
            "recall": 0.448,
            "precision": 1.0
        },
        "0.8": {
            "accuracy": 0.445,
            "f1_score": 0.615916955017301,
            "recall": 0.445,
            "precision": 1.0
        },
        "0.85": {
            "accuracy": 0.444,
            "f1_score": 0.6149584487534626,
            "recall": 0.444,
            "precision": 1.0
        },
        "0.9": {
            "accuracy": 0.456,
            "f1_score": 0.6263736263736264,
            "recall": 0.456,
            "precision": 1.0
        },
        "0.95": {
            "accuracy": 0.485,
            "f1_score": 0.6531986531986532,
            "recall": 0.485,
            "precision": 1.0
        },
        "0.99": {
            "accuracy": 0.176,
            "f1_score": 0.29931972789115646,
            "recall": 0.176,
            "precision": 1.0
        }
    },
    "baseline": {
        "0.0": {
            "accuracy": 0.938,
            "f1_score": 0.9680082559339526,
            "recall": 0.938,
            "precision": 1.0
        },
        "0.1": {
            "accuracy": 0.935,
            "f1_score": 0.9664082687338501,
            "recall": 0.935,
            "precision": 1.0
        },
        "0.15": {
            "accuracy": 0.93,
            "f1_score": 0.9637305699481865,
            "recall": 0.93,
            "precision": 1.0
        },
        "0.2": {
            "accuracy": 0.927,
            "f1_score": 0.9621172807472755,
            "recall": 0.927,
            "precision": 1.0
        },
        "0.25": {
            "accuracy": 0.93,
            "f1_score": 0.9637305699481865,
            "recall": 0.93,
            "precision": 1.0
        },
        "0.3": {
            "accuracy": 0.933,
            "f1_score": 0.9653388515261252,
            "recall": 0.933,
            "precision": 1.0
        },
        "0.35": {
            "accuracy": 0.94,
            "f1_score": 0.9690721649484536,
            "recall": 0.94,
            "precision": 1.0
        },
        "0.4": {
            "accuracy": 0.934,
            "f1_score": 0.9658738366080661,
            "recall": 0.934,
            "precision": 1.0
        },
        "0.45": {
            "accuracy": 0.942,
            "f1_score": 0.9701338825952626,
            "recall": 0.942,
            "precision": 1.0
        },
        "0.5": {
            "accuracy": 0.945,
            "f1_score": 0.9717223650385605,
            "recall": 0.945,
            "precision": 1.0
        },
        "0.55": {
            "accuracy": 0.937,
            "f1_score": 0.9674754775425917,
            "recall": 0.937,
            "precision": 1.0
        },
        "0.6": {
            "accuracy": 0.933,
            "f1_score": 0.9653388515261252,
            "recall": 0.933,
            "precision": 1.0
        },
        "0.65": {
            "accuracy": 0.923,
            "f1_score": 0.9599583983359334,
            "recall": 0.923,
            "precision": 1.0
        },
        "0.7": {
            "accuracy": 0.898,
            "f1_score": 0.946259220231823,
            "recall": 0.898,
            "precision": 1.0
        },
        "0.75": {
            "accuracy": 0.852,
            "f1_score": 0.9200863930885529,
            "recall": 0.852,
            "precision": 1.0
        },
        "0.8": {
            "accuracy": 0.811,
            "f1_score": 0.8956377691882937,
            "recall": 0.811,
            "precision": 1.0
        },
        "0.85": {
            "accuracy": 0.778,
            "f1_score": 0.875140607424072,
            "recall": 0.778,
            "precision": 1.0
        },
        "0.9": {
            "accuracy": 0.712,
            "f1_score": 0.8317757009345794,
            "recall": 0.712,
            "precision": 1.0
        },
        "0.95": {
            "accuracy": 0.652,
            "f1_score": 0.7893462469733656,
            "recall": 0.652,
            "precision": 1.0
        },
        "0.99": {
            "accuracy": 0.236,
            "f1_score": 0.3818770226537217,
            "recall": 0.236,
            "precision": 1.0
        }
    }
}