{
    "target": {
        "0.0": {
            "accuracy": 0.957,
            "f1_score": 0.9780275932549821,
            "recall": 0.957,
            "precision": 1.0
        },
        "0.1": {
            "accuracy": 0.829,
            "f1_score": 0.9065062875888463,
            "recall": 0.829,
            "precision": 1.0
        },
        "0.15": {
            "accuracy": 0.791,
            "f1_score": 0.8833054159687326,
            "recall": 0.791,
            "precision": 1.0
        },
        "0.2": {
            "accuracy": 0.764,
            "f1_score": 0.8662131519274376,
            "recall": 0.764,
            "precision": 1.0
        },
        "0.25": {
            "accuracy": 0.747,
            "f1_score": 0.8551803091013166,
            "recall": 0.747,
            "precision": 1.0
        },
        "0.3": {
            "accuracy": 0.73,
            "f1_score": 0.8439306358381503,
            "recall": 0.73,
            "precision": 1.0
        },
        "0.35": {
            "accuracy": 0.675,
            "f1_score": 0.8059701492537313,
            "recall": 0.675,
            "precision": 1.0
        },
        "0.4": {
            "accuracy": 0.644,
            "f1_score": 0.7834549878345499,
            "recall": 0.644,
            "precision": 1.0
        },
        "0.45": {
            "accuracy": 0.639,
            "f1_score": 0.7797437461866992,
            "recall": 0.639,
            "precision": 1.0
        },
        "0.5": {
            "accuracy": 0.633,
            "f1_score": 0.775260257195346,
            "recall": 0.633,
            "precision": 1.0
        },
        "0.55": {
            "accuracy": 0.631,
            "f1_score": 0.773758430410791,
            "recall": 0.631,
            "precision": 1.0
        },
        "0.6": {
            "accuracy": 0.628,
            "f1_score": 0.7714987714987716,
            "recall": 0.628,
            "precision": 1.0
        },
        "0.65": {
            "accuracy": 0.621,
            "f1_score": 0.7661937075879087,
            "recall": 0.621,
            "precision": 1.0
        },
        "0.7": {
            "accuracy": 0.607,
            "f1_score": 0.7554449284380834,
            "recall": 0.607,
            "precision": 1.0
        },
        "0.75": {
            "accuracy": 0.59,
            "f1_score": 0.7421383647798742,
            "recall": 0.59,
            "precision": 1.0
        },
        "0.8": {
            "accuracy": 0.554,
            "f1_score": 0.712998712998713,
            "recall": 0.554,
            "precision": 1.0
        },
        "0.85": {
            "accuracy": 0.511,
            "f1_score": 0.6763732627399074,
            "recall": 0.511,
            "precision": 1.0
        },
        "0.9": {
            "accuracy": 0.419,
            "f1_score": 0.5905567300916138,
            "recall": 0.419,
            "precision": 1.0
        },
        "0.95": {
            "accuracy": 0.242,
            "f1_score": 0.3896940418679549,
            "recall": 0.242,
            "precision": 1.0
        },
        "0.99": {
            "accuracy": 0.007,
            "f1_score": 0.013902681231380337,
            "recall": 0.007,
            "precision": 1.0
        }
    },
    "baseline": {
        "0.0": {
            "accuracy": 0.927,
            "f1_score": 0.9621172807472755,
            "recall": 0.927,
            "precision": 1.0
        },
        "0.1": {
            "accuracy": 0.936,
            "f1_score": 0.9669421487603306,
            "recall": 0.936,
            "precision": 1.0
        },
        "0.15": {
            "accuracy": 0.938,
            "f1_score": 0.9680082559339526,
            "recall": 0.938,
            "precision": 1.0
        },
        "0.2": {
            "accuracy": 0.934,
            "f1_score": 0.9658738366080661,
            "recall": 0.934,
            "precision": 1.0
        },
        "0.25": {
            "accuracy": 0.936,
            "f1_score": 0.9669421487603306,
            "recall": 0.936,
            "precision": 1.0
        },
        "0.3": {
            "accuracy": 0.93,
            "f1_score": 0.9637305699481865,
            "recall": 0.93,
            "precision": 1.0
        },
        "0.35": {
            "accuracy": 0.939,
            "f1_score": 0.9685404847859721,
            "recall": 0.939,
            "precision": 1.0
        },
        "0.4": {
            "accuracy": 0.927,
            "f1_score": 0.9621172807472755,
            "recall": 0.927,
            "precision": 1.0
        },
        "0.45": {
            "accuracy": 0.911,
            "f1_score": 0.9534275248560963,
            "recall": 0.911,
            "precision": 1.0
        },
        "0.5": {
            "accuracy": 0.896,
            "f1_score": 0.9451476793248945,
            "recall": 0.896,
            "precision": 1.0
        },
        "0.55": {
            "accuracy": 0.863,
            "f1_score": 0.9264626945786366,
            "recall": 0.863,
            "precision": 1.0
        },
        "0.6": {
            "accuracy": 0.829,
            "f1_score": 0.9065062875888463,
            "recall": 0.829,
            "precision": 1.0
        },
        "0.65": {
            "accuracy": 0.797,
            "f1_score": 0.8870339454646633,
            "recall": 0.797,
            "precision": 1.0
        },
        "0.7": {
            "accuracy": 0.761,
            "f1_score": 0.8642816581487791,
            "recall": 0.761,
            "precision": 1.0
        },
        "0.75": {
            "accuracy": 0.734,
            "f1_score": 0.8465974625144176,
            "recall": 0.734,
            "precision": 1.0
        },
        "0.8": {
            "accuracy": 0.695,
            "f1_score": 0.8200589970501475,
            "recall": 0.695,
            "precision": 1.0
        },
        "0.85": {
            "accuracy": 0.628,
            "f1_score": 0.7714987714987716,
            "recall": 0.628,
            "precision": 1.0
        },
        "0.9": {
            "accuracy": 0.557,
            "f1_score": 0.7154784842646115,
            "recall": 0.557,
            "precision": 1.0
        },
        "0.95": {
            "accuracy": 0.423,
            "f1_score": 0.5945186226282501,
            "recall": 0.423,
            "precision": 1.0
        },
        "0.99": {
            "accuracy": 0.25,
            "f1_score": 0.4,
            "recall": 0.25,
            "precision": 1.0
        }
    }
}