{
    "target": {
        "0.0": {
            "accuracy": 0.996,
            "f1_score": 0.9979959919839679,
            "recall": 0.996,
            "precision": 1.0
        },
        "0.1": {
            "accuracy": 0.992,
            "f1_score": 0.9959839357429718,
            "recall": 0.992,
            "precision": 1.0
        },
        "0.15": {
            "accuracy": 0.989,
            "f1_score": 0.9944695827048768,
            "recall": 0.989,
            "precision": 1.0
        },
        "0.2": {
            "accuracy": 0.977,
            "f1_score": 0.9883662114314619,
            "recall": 0.977,
            "precision": 1.0
        },
        "0.25": {
            "accuracy": 0.973,
            "f1_score": 0.9863152559553978,
            "recall": 0.973,
            "precision": 1.0
        },
        "0.3": {
            "accuracy": 0.96,
            "f1_score": 0.9795918367346939,
            "recall": 0.96,
            "precision": 1.0
        },
        "0.35": {
            "accuracy": 0.96,
            "f1_score": 0.9795918367346939,
            "recall": 0.96,
            "precision": 1.0
        },
        "0.4": {
            "accuracy": 0.935,
            "f1_score": 0.9664082687338501,
            "recall": 0.935,
            "precision": 1.0
        },
        "0.45": {
            "accuracy": 0.94,
            "f1_score": 0.9690721649484536,
            "recall": 0.94,
            "precision": 1.0
        },
        "0.5": {
            "accuracy": 0.931,
            "f1_score": 0.9642672190574831,
            "recall": 0.931,
            "precision": 1.0
        },
        "0.55": {
            "accuracy": 0.916,
            "f1_score": 0.9561586638830899,
            "recall": 0.916,
            "precision": 1.0
        },
        "0.6": {
            "accuracy": 0.892,
            "f1_score": 0.9429175475687104,
            "recall": 0.892,
            "precision": 1.0
        },
        "0.65": {
            "accuracy": 0.84,
            "f1_score": 0.9130434782608695,
            "recall": 0.84,
            "precision": 1.0
        },
        "0.7": {
            "accuracy": 0.795,
            "f1_score": 0.8857938718662952,
            "recall": 0.795,
            "precision": 1.0
        },
        "0.75": {
            "accuracy": 0.672,
            "f1_score": 0.8038277511961722,
            "recall": 0.672,
            "precision": 1.0
        },
        "0.8": {
            "accuracy": 0.547,
            "f1_score": 0.7071751777634131,
            "recall": 0.547,
            "precision": 1.0
        },
        "0.85": {
            "accuracy": 0.317,
            "f1_score": 0.48139711465451784,
            "recall": 0.317,
            "precision": 1.0
        },
        "0.9": {
            "accuracy": 0.097,
            "f1_score": 0.17684594348222424,
            "recall": 0.097,
            "precision": 1.0
        },
        "0.95": {
            "accuracy": 0.004,
            "f1_score": 0.00796812749003984,
            "recall": 0.004,
            "precision": 1.0
        },
        "0.99": {
            "accuracy": 0.0,
            "f1_score": 0.0,
            "recall": 0.0,
            "precision": 0.0
        }
    },
    "baseline": {
        "0.0": {
            "accuracy": 0.865,
            "f1_score": 0.9276139410187667,
            "recall": 0.865,
            "precision": 1.0
        },
        "0.1": {
            "accuracy": 0.859,
            "f1_score": 0.9241527703066165,
            "recall": 0.859,
            "precision": 1.0
        },
        "0.15": {
            "accuracy": 0.861,
            "f1_score": 0.9253089736700698,
            "recall": 0.861,
            "precision": 1.0
        },
        "0.2": {
            "accuracy": 0.856,
            "f1_score": 0.9224137931034483,
            "recall": 0.856,
            "precision": 1.0
        },
        "0.25": {
            "accuracy": 0.861,
            "f1_score": 0.9253089736700698,
            "recall": 0.861,
            "precision": 1.0
        },
        "0.3": {
            "accuracy": 0.861,
            "f1_score": 0.9253089736700698,
            "recall": 0.861,
            "precision": 1.0
        },
        "0.35": {
            "accuracy": 0.848,
            "f1_score": 0.9177489177489178,
            "recall": 0.848,
            "precision": 1.0
        },
        "0.4": {
            "accuracy": 0.872,
            "f1_score": 0.9316239316239316,
            "recall": 0.872,
            "precision": 1.0
        },
        "0.45": {
            "accuracy": 0.864,
            "f1_score": 0.927038626609442,
            "recall": 0.864,
            "precision": 1.0
        },
        "0.5": {
            "accuracy": 0.853,
            "f1_score": 0.9206691851052348,
            "recall": 0.853,
            "precision": 1.0
        },
        "0.55": {
            "accuracy": 0.857,
            "f1_score": 0.9229940764674207,
            "recall": 0.857,
            "precision": 1.0
        },
        "0.6": {
            "accuracy": 0.862,
            "f1_score": 0.9258861439312567,
            "recall": 0.862,
            "precision": 1.0
        },
        "0.65": {
            "accuracy": 0.851,
            "f1_score": 0.9195029713668288,
            "recall": 0.851,
            "precision": 1.0
        },
        "0.7": {
            "accuracy": 0.858,
            "f1_score": 0.9235737351991389,
            "recall": 0.858,
            "precision": 1.0
        },
        "0.75": {
            "accuracy": 0.854,
            "f1_score": 0.9212513484358145,
            "recall": 0.854,
            "precision": 1.0
        },
        "0.8": {
            "accuracy": 0.843,
            "f1_score": 0.9148128052088985,
            "recall": 0.843,
            "precision": 1.0
        },
        "0.85": {
            "accuracy": 0.847,
            "f1_score": 0.9171629669734704,
            "recall": 0.847,
            "precision": 1.0
        },
        "0.9": {
            "accuracy": 0.84,
            "f1_score": 0.9130434782608695,
            "recall": 0.84,
            "precision": 1.0
        },
        "0.95": {
            "accuracy": 0.759,
            "f1_score": 0.8629903354178511,
            "recall": 0.759,
            "precision": 1.0
        },
        "0.99": {
            "accuracy": 0.372,
            "f1_score": 0.5422740524781341,
            "recall": 0.372,
            "precision": 1.0
        }
    }
}