{
    "target": {
        "0.0": {
            "accuracy": 0.996,
            "f1_score": 0.9979959919839679,
            "recall": 0.996,
            "precision": 1.0
        },
        "0.1": {
            "accuracy": 0.935,
            "f1_score": 0.9664082687338501,
            "recall": 0.935,
            "precision": 1.0
        },
        "0.15": {
            "accuracy": 0.931,
            "f1_score": 0.9642672190574831,
            "recall": 0.931,
            "precision": 1.0
        },
        "0.2": {
            "accuracy": 0.936,
            "f1_score": 0.9669421487603306,
            "recall": 0.936,
            "precision": 1.0
        },
        "0.25": {
            "accuracy": 0.932,
            "f1_score": 0.9648033126293996,
            "recall": 0.932,
            "precision": 1.0
        },
        "0.3": {
            "accuracy": 0.931,
            "f1_score": 0.9642672190574831,
            "recall": 0.931,
            "precision": 1.0
        },
        "0.35": {
            "accuracy": 0.923,
            "f1_score": 0.9599583983359334,
            "recall": 0.923,
            "precision": 1.0
        },
        "0.4": {
            "accuracy": 0.907,
            "f1_score": 0.951232302045097,
            "recall": 0.907,
            "precision": 1.0
        },
        "0.45": {
            "accuracy": 0.893,
            "f1_score": 0.9434759640781828,
            "recall": 0.893,
            "precision": 1.0
        },
        "0.5": {
            "accuracy": 0.858,
            "f1_score": 0.9235737351991389,
            "recall": 0.858,
            "precision": 1.0
        },
        "0.55": {
            "accuracy": 0.803,
            "f1_score": 0.8907376594564614,
            "recall": 0.803,
            "precision": 1.0
        },
        "0.6": {
            "accuracy": 0.758,
            "f1_score": 0.8623435722411832,
            "recall": 0.758,
            "precision": 1.0
        },
        "0.65": {
            "accuracy": 0.706,
            "f1_score": 0.8276670574443142,
            "recall": 0.706,
            "precision": 1.0
        },
        "0.7": {
            "accuracy": 0.642,
            "f1_score": 0.781973203410475,
            "recall": 0.642,
            "precision": 1.0
        },
        "0.75": {
            "accuracy": 0.581,
            "f1_score": 0.734977862112587,
            "recall": 0.581,
            "precision": 1.0
        },
        "0.8": {
            "accuracy": 0.504,
            "f1_score": 0.6702127659574468,
            "recall": 0.504,
            "precision": 1.0
        },
        "0.85": {
            "accuracy": 0.41,
            "f1_score": 0.5815602836879432,
            "recall": 0.41,
            "precision": 1.0
        },
        "0.9": {
            "accuracy": 0.291,
            "f1_score": 0.45081332300542215,
            "recall": 0.291,
            "precision": 1.0
        },
        "0.95": {
            "accuracy": 0.144,
            "f1_score": 0.2517482517482518,
            "recall": 0.144,
            "precision": 1.0
        },
        "0.99": {
            "accuracy": 0.002,
            "f1_score": 0.003992015968063872,
            "recall": 0.002,
            "precision": 1.0
        }
    },
    "baseline": {
        "0.0": {
            "accuracy": 0.865,
            "f1_score": 0.9276139410187667,
            "recall": 0.865,
            "precision": 1.0
        },
        "0.1": {
            "accuracy": 0.809,
            "f1_score": 0.8944168048645661,
            "recall": 0.809,
            "precision": 1.0
        },
        "0.15": {
            "accuracy": 0.794,
            "f1_score": 0.8851727982162765,
            "recall": 0.794,
            "precision": 1.0
        },
        "0.2": {
            "accuracy": 0.777,
            "f1_score": 0.8745075970737197,
            "recall": 0.777,
            "precision": 1.0
        },
        "0.25": {
            "accuracy": 0.778,
            "f1_score": 0.875140607424072,
            "recall": 0.778,
            "precision": 1.0
        },
        "0.3": {
            "accuracy": 0.779,
            "f1_score": 0.8757729061270376,
            "recall": 0.779,
            "precision": 1.0
        },
        "0.35": {
            "accuracy": 0.782,
            "f1_score": 0.877665544332211,
            "recall": 0.782,
            "precision": 1.0
        },
        "0.4": {
            "accuracy": 0.789,
            "f1_score": 0.8820570150922303,
            "recall": 0.789,
            "precision": 1.0
        },
        "0.45": {
            "accuracy": 0.788,
            "f1_score": 0.8814317673378076,
            "recall": 0.788,
            "precision": 1.0
        },
        "0.5": {
            "accuracy": 0.79,
            "f1_score": 0.88268156424581,
            "recall": 0.79,
            "precision": 1.0
        },
        "0.55": {
            "accuracy": 0.797,
            "f1_score": 0.8870339454646633,
            "recall": 0.797,
            "precision": 1.0
        },
        "0.6": {
            "accuracy": 0.794,
            "f1_score": 0.8851727982162765,
            "recall": 0.794,
            "precision": 1.0
        },
        "0.65": {
            "accuracy": 0.808,
            "f1_score": 0.8938053097345132,
            "recall": 0.808,
            "precision": 1.0
        },
        "0.7": {
            "accuracy": 0.813,
            "f1_score": 0.8968560397131826,
            "recall": 0.813,
            "precision": 1.0
        },
        "0.75": {
            "accuracy": 0.834,
            "f1_score": 0.9094874591057798,
            "recall": 0.834,
            "precision": 1.0
        },
        "0.8": {
            "accuracy": 0.836,
            "f1_score": 0.9106753812636166,
            "recall": 0.836,
            "precision": 1.0
        },
        "0.85": {
            "accuracy": 0.841,
            "f1_score": 0.9136338946224878,
            "recall": 0.841,
            "precision": 1.0
        },
        "0.9": {
            "accuracy": 0.825,
            "f1_score": 0.9041095890410958,
            "recall": 0.825,
            "precision": 1.0
        },
        "0.95": {
            "accuracy": 0.723,
            "f1_score": 0.8392338943702844,
            "recall": 0.723,
            "precision": 1.0
        },
        "0.99": {
            "accuracy": 0.44,
            "f1_score": 0.6111111111111112,
            "recall": 0.44,
            "precision": 1.0
        }
    }
}