{
    "target": {
        "0.0": {
            "accuracy": 0.996,
            "f1_score": 0.9979959919839679,
            "recall": 0.996,
            "precision": 1.0
        },
        "0.1": {
            "accuracy": 0.926,
            "f1_score": 0.9615784008307373,
            "recall": 0.926,
            "precision": 1.0
        },
        "0.15": {
            "accuracy": 0.915,
            "f1_score": 0.9556135770234987,
            "recall": 0.915,
            "precision": 1.0
        },
        "0.2": {
            "accuracy": 0.916,
            "f1_score": 0.9561586638830899,
            "recall": 0.916,
            "precision": 1.0
        },
        "0.25": {
            "accuracy": 0.916,
            "f1_score": 0.9561586638830899,
            "recall": 0.916,
            "precision": 1.0
        },
        "0.3": {
            "accuracy": 0.91,
            "f1_score": 0.9528795811518325,
            "recall": 0.91,
            "precision": 1.0
        },
        "0.35": {
            "accuracy": 0.871,
            "f1_score": 0.9310529128808124,
            "recall": 0.871,
            "precision": 1.0
        },
        "0.4": {
            "accuracy": 0.866,
            "f1_score": 0.9281886387995713,
            "recall": 0.866,
            "precision": 1.0
        },
        "0.45": {
            "accuracy": 0.864,
            "f1_score": 0.927038626609442,
            "recall": 0.864,
            "precision": 1.0
        },
        "0.5": {
            "accuracy": 0.863,
            "f1_score": 0.9264626945786366,
            "recall": 0.863,
            "precision": 1.0
        },
        "0.55": {
            "accuracy": 0.854,
            "f1_score": 0.9212513484358145,
            "recall": 0.854,
            "precision": 1.0
        },
        "0.6": {
            "accuracy": 0.848,
            "f1_score": 0.9177489177489178,
            "recall": 0.848,
            "precision": 1.0
        },
        "0.65": {
            "accuracy": 0.836,
            "f1_score": 0.9106753812636166,
            "recall": 0.836,
            "precision": 1.0
        },
        "0.7": {
            "accuracy": 0.809,
            "f1_score": 0.8944168048645661,
            "recall": 0.809,
            "precision": 1.0
        },
        "0.75": {
            "accuracy": 0.783,
            "f1_score": 0.8782950084127874,
            "recall": 0.783,
            "precision": 1.0
        },
        "0.8": {
            "accuracy": 0.729,
            "f1_score": 0.8432620011567381,
            "recall": 0.729,
            "precision": 1.0
        },
        "0.85": {
            "accuracy": 0.637,
            "f1_score": 0.7782529016493586,
            "recall": 0.637,
            "precision": 1.0
        },
        "0.9": {
            "accuracy": 0.483,
            "f1_score": 0.6513823331085637,
            "recall": 0.483,
            "precision": 1.0
        },
        "0.95": {
            "accuracy": 0.261,
            "f1_score": 0.41395717684377475,
            "recall": 0.261,
            "precision": 1.0
        },
        "0.99": {
            "accuracy": 0.028,
            "f1_score": 0.054474708171206226,
            "recall": 0.028,
            "precision": 1.0
        }
    },
    "baseline": {
        "0.0": {
            "accuracy": 0.865,
            "f1_score": 0.9276139410187667,
            "recall": 0.865,
            "precision": 1.0
        },
        "0.1": {
            "accuracy": 0.878,
            "f1_score": 0.9350372736954207,
            "recall": 0.878,
            "precision": 1.0
        },
        "0.15": {
            "accuracy": 0.878,
            "f1_score": 0.9350372736954207,
            "recall": 0.878,
            "precision": 1.0
        },
        "0.2": {
            "accuracy": 0.871,
            "f1_score": 0.9310529128808124,
            "recall": 0.871,
            "precision": 1.0
        },
        "0.25": {
            "accuracy": 0.861,
            "f1_score": 0.9253089736700698,
            "recall": 0.861,
            "precision": 1.0
        },
        "0.3": {
            "accuracy": 0.851,
            "f1_score": 0.9195029713668288,
            "recall": 0.851,
            "precision": 1.0
        },
        "0.35": {
            "accuracy": 0.862,
            "f1_score": 0.9258861439312567,
            "recall": 0.862,
            "precision": 1.0
        },
        "0.4": {
            "accuracy": 0.845,
            "f1_score": 0.9159891598915989,
            "recall": 0.845,
            "precision": 1.0
        },
        "0.45": {
            "accuracy": 0.844,
            "f1_score": 0.9154013015184381,
            "recall": 0.844,
            "precision": 1.0
        },
        "0.5": {
            "accuracy": 0.839,
            "f1_score": 0.912452419793366,
            "recall": 0.839,
            "precision": 1.0
        },
        "0.55": {
            "accuracy": 0.822,
            "f1_score": 0.9023051591657519,
            "recall": 0.822,
            "precision": 1.0
        },
        "0.6": {
            "accuracy": 0.808,
            "f1_score": 0.8938053097345132,
            "recall": 0.808,
            "precision": 1.0
        },
        "0.65": {
            "accuracy": 0.757,
            "f1_score": 0.8616960728514514,
            "recall": 0.757,
            "precision": 1.0
        },
        "0.7": {
            "accuracy": 0.686,
            "f1_score": 0.8137603795966786,
            "recall": 0.686,
            "precision": 1.0
        },
        "0.75": {
            "accuracy": 0.624,
            "f1_score": 0.7684729064039408,
            "recall": 0.624,
            "precision": 1.0
        },
        "0.8": {
            "accuracy": 0.553,
            "f1_score": 0.71216999356085,
            "recall": 0.553,
            "precision": 1.0
        },
        "0.85": {
            "accuracy": 0.457,
            "f1_score": 0.6273164035689773,
            "recall": 0.457,
            "precision": 1.0
        },
        "0.9": {
            "accuracy": 0.359,
            "f1_score": 0.5283296541574687,
            "recall": 0.359,
            "precision": 1.0
        },
        "0.95": {
            "accuracy": 0.316,
            "f1_score": 0.48024316109422494,
            "recall": 0.316,
            "precision": 1.0
        },
        "0.99": {
            "accuracy": 0.244,
            "f1_score": 0.39228295819935693,
            "recall": 0.244,
            "precision": 1.0
        }
    }
}