{
    "target": {
        "0.0": {
            "accuracy": 0.957,
            "f1_score": 0.9780275932549821,
            "recall": 0.957,
            "precision": 1.0
        },
        "0.1": {
            "accuracy": 0.966,
            "f1_score": 0.982706002034588,
            "recall": 0.966,
            "precision": 1.0
        },
        "0.15": {
            "accuracy": 0.963,
            "f1_score": 0.9811512990320937,
            "recall": 0.963,
            "precision": 1.0
        },
        "0.2": {
            "accuracy": 0.961,
            "f1_score": 0.9801121876593575,
            "recall": 0.961,
            "precision": 1.0
        },
        "0.25": {
            "accuracy": 0.951,
            "f1_score": 0.9748846745258841,
            "recall": 0.951,
            "precision": 1.0
        },
        "0.3": {
            "accuracy": 0.968,
            "f1_score": 0.983739837398374,
            "recall": 0.968,
            "precision": 1.0
        },
        "0.35": {
            "accuracy": 0.967,
            "f1_score": 0.9832231825114387,
            "recall": 0.967,
            "precision": 1.0
        },
        "0.4": {
            "accuracy": 0.961,
            "f1_score": 0.9801121876593575,
            "recall": 0.961,
            "precision": 1.0
        },
        "0.45": {
            "accuracy": 0.953,
            "f1_score": 0.9759344598054276,
            "recall": 0.953,
            "precision": 1.0
        },
        "0.5": {
            "accuracy": 0.96,
            "f1_score": 0.9795918367346939,
            "recall": 0.96,
            "precision": 1.0
        },
        "0.55": {
            "accuracy": 0.947,
            "f1_score": 0.9727786337955829,
            "recall": 0.947,
            "precision": 1.0
        },
        "0.6": {
            "accuracy": 0.943,
            "f1_score": 0.970663921770458,
            "recall": 0.943,
            "precision": 1.0
        },
        "0.65": {
            "accuracy": 0.92,
            "f1_score": 0.9583333333333334,
            "recall": 0.92,
            "precision": 1.0
        },
        "0.7": {
            "accuracy": 0.871,
            "f1_score": 0.9310529128808124,
            "recall": 0.871,
            "precision": 1.0
        },
        "0.75": {
            "accuracy": 0.786,
            "f1_score": 0.8801791713325868,
            "recall": 0.786,
            "precision": 1.0
        },
        "0.8": {
            "accuracy": 0.67,
            "f1_score": 0.8023952095808383,
            "recall": 0.67,
            "precision": 1.0
        },
        "0.85": {
            "accuracy": 0.458,
            "f1_score": 0.6282578875171467,
            "recall": 0.458,
            "precision": 1.0
        },
        "0.9": {
            "accuracy": 0.212,
            "f1_score": 0.34983498349834985,
            "recall": 0.212,
            "precision": 1.0
        },
        "0.95": {
            "accuracy": 0.046,
            "f1_score": 0.08795411089866156,
            "recall": 0.046,
            "precision": 1.0
        },
        "0.99": {
            "accuracy": 0.0,
            "f1_score": 0.0,
            "recall": 0.0,
            "precision": 0.0
        }
    },
    "baseline": {
        "0.0": {
            "accuracy": 0.927,
            "f1_score": 0.9621172807472755,
            "recall": 0.927,
            "precision": 1.0
        },
        "0.1": {
            "accuracy": 0.923,
            "f1_score": 0.9599583983359334,
            "recall": 0.923,
            "precision": 1.0
        },
        "0.15": {
            "accuracy": 0.915,
            "f1_score": 0.9556135770234987,
            "recall": 0.915,
            "precision": 1.0
        },
        "0.2": {
            "accuracy": 0.923,
            "f1_score": 0.9599583983359334,
            "recall": 0.923,
            "precision": 1.0
        },
        "0.25": {
            "accuracy": 0.918,
            "f1_score": 0.9572471324296142,
            "recall": 0.918,
            "precision": 1.0
        },
        "0.3": {
            "accuracy": 0.912,
            "f1_score": 0.9539748953974896,
            "recall": 0.912,
            "precision": 1.0
        },
        "0.35": {
            "accuracy": 0.91,
            "f1_score": 0.9528795811518325,
            "recall": 0.91,
            "precision": 1.0
        },
        "0.4": {
            "accuracy": 0.909,
            "f1_score": 0.9523310633839707,
            "recall": 0.909,
            "precision": 1.0
        },
        "0.45": {
            "accuracy": 0.91,
            "f1_score": 0.9528795811518325,
            "recall": 0.91,
            "precision": 1.0
        },
        "0.5": {
            "accuracy": 0.902,
            "f1_score": 0.9484752891692955,
            "recall": 0.902,
            "precision": 1.0
        },
        "0.55": {
            "accuracy": 0.903,
            "f1_score": 0.9490278507619548,
            "recall": 0.903,
            "precision": 1.0
        },
        "0.6": {
            "accuracy": 0.891,
            "f1_score": 0.9423585404547858,
            "recall": 0.891,
            "precision": 1.0
        },
        "0.65": {
            "accuracy": 0.885,
            "f1_score": 0.9389920424403183,
            "recall": 0.885,
            "precision": 1.0
        },
        "0.7": {
            "accuracy": 0.892,
            "f1_score": 0.9429175475687104,
            "recall": 0.892,
            "precision": 1.0
        },
        "0.75": {
            "accuracy": 0.891,
            "f1_score": 0.9423585404547858,
            "recall": 0.891,
            "precision": 1.0
        },
        "0.8": {
            "accuracy": 0.9,
            "f1_score": 0.9473684210526315,
            "recall": 0.9,
            "precision": 1.0
        },
        "0.85": {
            "accuracy": 0.891,
            "f1_score": 0.9423585404547858,
            "recall": 0.891,
            "precision": 1.0
        },
        "0.9": {
            "accuracy": 0.902,
            "f1_score": 0.9484752891692955,
            "recall": 0.902,
            "precision": 1.0
        },
        "0.95": {
            "accuracy": 0.81,
            "f1_score": 0.8950276243093923,
            "recall": 0.81,
            "precision": 1.0
        },
        "0.99": {
            "accuracy": 0.351,
            "f1_score": 0.5196150999259808,
            "recall": 0.351,
            "precision": 1.0
        }
    }
}