{
    "target": {
        "0.0": {
            "accuracy": 0.517,
            "f1_score": 0.6816084377059987,
            "recall": 0.517,
            "precision": 1.0
        },
        "0.1": {
            "accuracy": 0.523,
            "f1_score": 0.6868023637557452,
            "recall": 0.523,
            "precision": 1.0
        },
        "0.15": {
            "accuracy": 0.509,
            "f1_score": 0.6746189529489728,
            "recall": 0.509,
            "precision": 1.0
        },
        "0.2": {
            "accuracy": 0.514,
            "f1_score": 0.678996036988111,
            "recall": 0.514,
            "precision": 1.0
        },
        "0.25": {
            "accuracy": 0.518,
            "f1_score": 0.6824769433465085,
            "recall": 0.518,
            "precision": 1.0
        },
        "0.3": {
            "accuracy": 0.518,
            "f1_score": 0.6824769433465085,
            "recall": 0.518,
            "precision": 1.0
        },
        "0.35": {
            "accuracy": 0.515,
            "f1_score": 0.6798679867986799,
            "recall": 0.515,
            "precision": 1.0
        },
        "0.4": {
            "accuracy": 0.514,
            "f1_score": 0.678996036988111,
            "recall": 0.514,
            "precision": 1.0
        },
        "0.45": {
            "accuracy": 0.507,
            "f1_score": 0.6728599867285998,
            "recall": 0.507,
            "precision": 1.0
        },
        "0.5": {
            "accuracy": 0.502,
            "f1_score": 0.6684420772303595,
            "recall": 0.502,
            "precision": 1.0
        },
        "0.55": {
            "accuracy": 0.504,
            "f1_score": 0.6702127659574468,
            "recall": 0.504,
            "precision": 1.0
        },
        "0.6": {
            "accuracy": 0.519,
            "f1_score": 0.6833443054641212,
            "recall": 0.519,
            "precision": 1.0
        },
        "0.65": {
            "accuracy": 0.512,
            "f1_score": 0.6772486772486773,
            "recall": 0.512,
            "precision": 1.0
        },
        "0.7": {
            "accuracy": 0.501,
            "f1_score": 0.6675549633577615,
            "recall": 0.501,
            "precision": 1.0
        },
        "0.75": {
            "accuracy": 0.492,
            "f1_score": 0.6595174262734584,
            "recall": 0.492,
            "precision": 1.0
        },
        "0.8": {
            "accuracy": 0.462,
            "f1_score": 0.6320109439124487,
            "recall": 0.462,
            "precision": 1.0
        },
        "0.85": {
            "accuracy": 0.395,
            "f1_score": 0.5663082437275986,
            "recall": 0.395,
            "precision": 1.0
        },
        "0.9": {
            "accuracy": 0.275,
            "f1_score": 0.43137254901960786,
            "recall": 0.275,
            "precision": 1.0
        },
        "0.95": {
            "accuracy": 0.064,
            "f1_score": 0.12030075187969926,
            "recall": 0.064,
            "precision": 1.0
        },
        "0.99": {
            "accuracy": 0.0,
            "f1_score": 0.0,
            "recall": 0.0,
            "precision": 0.0
        }
    },
    "baseline": {
        "0.0": {
            "accuracy": 0.0,
            "f1_score": 0.0,
            "recall": 0.0,
            "precision": 0.0
        },
        "0.1": {
            "accuracy": 0.0,
            "f1_score": 0.0,
            "recall": 0.0,
            "precision": 0.0
        },
        "0.15": {
            "accuracy": 0.0,
            "f1_score": 0.0,
            "recall": 0.0,
            "precision": 0.0
        },
        "0.2": {
            "accuracy": 0.0,
            "f1_score": 0.0,
            "recall": 0.0,
            "precision": 0.0
        },
        "0.25": {
            "accuracy": 0.0,
            "f1_score": 0.0,
            "recall": 0.0,
            "precision": 0.0
        },
        "0.3": {
            "accuracy": 0.0,
            "f1_score": 0.0,
            "recall": 0.0,
            "precision": 0.0
        },
        "0.35": {
            "accuracy": 0.0,
            "f1_score": 0.0,
            "recall": 0.0,
            "precision": 0.0
        },
        "0.4": {
            "accuracy": 0.0,
            "f1_score": 0.0,
            "recall": 0.0,
            "precision": 0.0
        },
        "0.45": {
            "accuracy": 0.0,
            "f1_score": 0.0,
            "recall": 0.0,
            "precision": 0.0
        },
        "0.5": {
            "accuracy": 0.0,
            "f1_score": 0.0,
            "recall": 0.0,
            "precision": 0.0
        },
        "0.55": {
            "accuracy": 0.0,
            "f1_score": 0.0,
            "recall": 0.0,
            "precision": 0.0
        },
        "0.6": {
            "accuracy": 0.0,
            "f1_score": 0.0,
            "recall": 0.0,
            "precision": 0.0
        },
        "0.65": {
            "accuracy": 0.0,
            "f1_score": 0.0,
            "recall": 0.0,
            "precision": 0.0
        },
        "0.7": {
            "accuracy": 0.0,
            "f1_score": 0.0,
            "recall": 0.0,
            "precision": 0.0
        },
        "0.75": {
            "accuracy": 0.0,
            "f1_score": 0.0,
            "recall": 0.0,
            "precision": 0.0
        },
        "0.8": {
            "accuracy": 0.0,
            "f1_score": 0.0,
            "recall": 0.0,
            "precision": 0.0
        },
        "0.85": {
            "accuracy": 0.0,
            "f1_score": 0.0,
            "recall": 0.0,
            "precision": 0.0
        },
        "0.9": {
            "accuracy": 0.0,
            "f1_score": 0.0,
            "recall": 0.0,
            "precision": 0.0
        },
        "0.95": {
            "accuracy": 0.0,
            "f1_score": 0.0,
            "recall": 0.0,
            "precision": 0.0
        },
        "0.99": {
            "accuracy": 0.0,
            "f1_score": 0.0,
            "recall": 0.0,
            "precision": 0.0
        }
    }
}