{
    "target": {
        "0.0": {
            "accuracy": 0.517,
            "f1_score": 0.6816084377059987,
            "recall": 0.517,
            "precision": 1.0
        },
        "0.1": {
            "accuracy": 0.246,
            "f1_score": 0.39486356340288925,
            "recall": 0.246,
            "precision": 1.0
        },
        "0.15": {
            "accuracy": 0.232,
            "f1_score": 0.37662337662337664,
            "recall": 0.232,
            "precision": 1.0
        },
        "0.2": {
            "accuracy": 0.224,
            "f1_score": 0.3660130718954248,
            "recall": 0.224,
            "precision": 1.0
        },
        "0.25": {
            "accuracy": 0.222,
            "f1_score": 0.36333878887070375,
            "recall": 0.222,
            "precision": 1.0
        },
        "0.3": {
            "accuracy": 0.22,
            "f1_score": 0.36065573770491804,
            "recall": 0.22,
            "precision": 1.0
        },
        "0.35": {
            "accuracy": 0.221,
            "f1_score": 0.361998361998362,
            "recall": 0.221,
            "precision": 1.0
        },
        "0.4": {
            "accuracy": 0.221,
            "f1_score": 0.361998361998362,
            "recall": 0.221,
            "precision": 1.0
        },
        "0.45": {
            "accuracy": 0.219,
            "f1_score": 0.35931091058244463,
            "recall": 0.219,
            "precision": 1.0
        },
        "0.5": {
            "accuracy": 0.215,
            "f1_score": 0.35390946502057613,
            "recall": 0.215,
            "precision": 1.0
        },
        "0.55": {
            "accuracy": 0.21,
            "f1_score": 0.34710743801652894,
            "recall": 0.21,
            "precision": 1.0
        },
        "0.6": {
            "accuracy": 0.206,
            "f1_score": 0.3416252072968491,
            "recall": 0.206,
            "precision": 1.0
        },
        "0.65": {
            "accuracy": 0.203,
            "f1_score": 0.33748960931005817,
            "recall": 0.203,
            "precision": 1.0
        },
        "0.7": {
            "accuracy": 0.204,
            "f1_score": 0.3388704318936877,
            "recall": 0.204,
            "precision": 1.0
        },
        "0.75": {
            "accuracy": 0.199,
            "f1_score": 0.33194328607172646,
            "recall": 0.199,
            "precision": 1.0
        },
        "0.8": {
            "accuracy": 0.195,
            "f1_score": 0.3263598326359833,
            "recall": 0.195,
            "precision": 1.0
        },
        "0.85": {
            "accuracy": 0.195,
            "f1_score": 0.3263598326359833,
            "recall": 0.195,
            "precision": 1.0
        },
        "0.9": {
            "accuracy": 0.176,
            "f1_score": 0.29931972789115646,
            "recall": 0.176,
            "precision": 1.0
        },
        "0.95": {
            "accuracy": 0.146,
            "f1_score": 0.2547993019197208,
            "recall": 0.146,
            "precision": 1.0
        },
        "0.99": {
            "accuracy": 0.037,
            "f1_score": 0.07135969141755062,
            "recall": 0.037,
            "precision": 1.0
        }
    },
    "baseline": {
        "0.0": {
            "accuracy": 0.0,
            "f1_score": 0.0,
            "recall": 0.0,
            "precision": 0.0
        },
        "0.1": {
            "accuracy": 0.0,
            "f1_score": 0.0,
            "recall": 0.0,
            "precision": 0.0
        },
        "0.15": {
            "accuracy": 0.0,
            "f1_score": 0.0,
            "recall": 0.0,
            "precision": 0.0
        },
        "0.2": {
            "accuracy": 0.0,
            "f1_score": 0.0,
            "recall": 0.0,
            "precision": 0.0
        },
        "0.25": {
            "accuracy": 0.0,
            "f1_score": 0.0,
            "recall": 0.0,
            "precision": 0.0
        },
        "0.3": {
            "accuracy": 0.0,
            "f1_score": 0.0,
            "recall": 0.0,
            "precision": 0.0
        },
        "0.35": {
            "accuracy": 0.0,
            "f1_score": 0.0,
            "recall": 0.0,
            "precision": 0.0
        },
        "0.4": {
            "accuracy": 0.0,
            "f1_score": 0.0,
            "recall": 0.0,
            "precision": 0.0
        },
        "0.45": {
            "accuracy": 0.0,
            "f1_score": 0.0,
            "recall": 0.0,
            "precision": 0.0
        },
        "0.5": {
            "accuracy": 0.0,
            "f1_score": 0.0,
            "recall": 0.0,
            "precision": 0.0
        },
        "0.55": {
            "accuracy": 0.0,
            "f1_score": 0.0,
            "recall": 0.0,
            "precision": 0.0
        },
        "0.6": {
            "accuracy": 0.0,
            "f1_score": 0.0,
            "recall": 0.0,
            "precision": 0.0
        },
        "0.65": {
            "accuracy": 0.0,
            "f1_score": 0.0,
            "recall": 0.0,
            "precision": 0.0
        },
        "0.7": {
            "accuracy": 0.0,
            "f1_score": 0.0,
            "recall": 0.0,
            "precision": 0.0
        },
        "0.75": {
            "accuracy": 0.0,
            "f1_score": 0.0,
            "recall": 0.0,
            "precision": 0.0
        },
        "0.8": {
            "accuracy": 0.0,
            "f1_score": 0.0,
            "recall": 0.0,
            "precision": 0.0
        },
        "0.85": {
            "accuracy": 0.0,
            "f1_score": 0.0,
            "recall": 0.0,
            "precision": 0.0
        },
        "0.9": {
            "accuracy": 0.0,
            "f1_score": 0.0,
            "recall": 0.0,
            "precision": 0.0
        },
        "0.95": {
            "accuracy": 0.0,
            "f1_score": 0.0,
            "recall": 0.0,
            "precision": 0.0
        },
        "0.99": {
            "accuracy": 0.0,
            "f1_score": 0.0,
            "recall": 0.0,
            "precision": 0.0
        }
    }
}