{
    "target": {
        "0.0": {
            "accuracy": 0.963,
            "f1_score": 0.9811512990320937,
            "recall": 0.963,
            "precision": 1.0
        },
        "0.1": {
            "accuracy": 0.712,
            "f1_score": 0.8317757009345794,
            "recall": 0.712,
            "precision": 1.0
        },
        "0.15": {
            "accuracy": 0.66,
            "f1_score": 0.7951807228915663,
            "recall": 0.66,
            "precision": 1.0
        },
        "0.2": {
            "accuracy": 0.631,
            "f1_score": 0.773758430410791,
            "recall": 0.631,
            "precision": 1.0
        },
        "0.25": {
            "accuracy": 0.602,
            "f1_score": 0.7515605493133583,
            "recall": 0.602,
            "precision": 1.0
        },
        "0.3": {
            "accuracy": 0.57,
            "f1_score": 0.7261146496815286,
            "recall": 0.57,
            "precision": 1.0
        },
        "0.35": {
            "accuracy": 0.55,
            "f1_score": 0.7096774193548387,
            "recall": 0.55,
            "precision": 1.0
        },
        "0.4": {
            "accuracy": 0.535,
            "f1_score": 0.6970684039087948,
            "recall": 0.535,
            "precision": 1.0
        },
        "0.45": {
            "accuracy": 0.521,
            "f1_score": 0.6850756081525312,
            "recall": 0.521,
            "precision": 1.0
        },
        "0.5": {
            "accuracy": 0.506,
            "f1_score": 0.6719787516600265,
            "recall": 0.506,
            "precision": 1.0
        },
        "0.55": {
            "accuracy": 0.486,
            "f1_score": 0.6541049798115747,
            "recall": 0.486,
            "precision": 1.0
        },
        "0.6": {
            "accuracy": 0.481,
            "f1_score": 0.6495611073598919,
            "recall": 0.481,
            "precision": 1.0
        },
        "0.65": {
            "accuracy": 0.472,
            "f1_score": 0.6413043478260869,
            "recall": 0.472,
            "precision": 1.0
        },
        "0.7": {
            "accuracy": 0.461,
            "f1_score": 0.6310746064339493,
            "recall": 0.461,
            "precision": 1.0
        },
        "0.75": {
            "accuracy": 0.446,
            "f1_score": 0.6168741355463347,
            "recall": 0.446,
            "precision": 1.0
        },
        "0.8": {
            "accuracy": 0.442,
            "f1_score": 0.6130374479889042,
            "recall": 0.442,
            "precision": 1.0
        },
        "0.85": {
            "accuracy": 0.408,
            "f1_score": 0.5795454545454546,
            "recall": 0.408,
            "precision": 1.0
        },
        "0.9": {
            "accuracy": 0.35,
            "f1_score": 0.5185185185185185,
            "recall": 0.35,
            "precision": 1.0
        },
        "0.95": {
            "accuracy": 0.142,
            "f1_score": 0.2486865148861646,
            "recall": 0.142,
            "precision": 1.0
        },
        "0.99": {
            "accuracy": 0.003,
            "f1_score": 0.005982053838484546,
            "recall": 0.003,
            "precision": 1.0
        }
    },
    "baseline": {
        "0.0": {
            "accuracy": 0.0,
            "f1_score": 0.0,
            "recall": 0.0,
            "precision": 0.0
        },
        "0.1": {
            "accuracy": 0.0,
            "f1_score": 0.0,
            "recall": 0.0,
            "precision": 0.0
        },
        "0.15": {
            "accuracy": 0.0,
            "f1_score": 0.0,
            "recall": 0.0,
            "precision": 0.0
        },
        "0.2": {
            "accuracy": 0.0,
            "f1_score": 0.0,
            "recall": 0.0,
            "precision": 0.0
        },
        "0.25": {
            "accuracy": 0.0,
            "f1_score": 0.0,
            "recall": 0.0,
            "precision": 0.0
        },
        "0.3": {
            "accuracy": 0.0,
            "f1_score": 0.0,
            "recall": 0.0,
            "precision": 0.0
        },
        "0.35": {
            "accuracy": 0.0,
            "f1_score": 0.0,
            "recall": 0.0,
            "precision": 0.0
        },
        "0.4": {
            "accuracy": 0.0,
            "f1_score": 0.0,
            "recall": 0.0,
            "precision": 0.0
        },
        "0.45": {
            "accuracy": 0.0,
            "f1_score": 0.0,
            "recall": 0.0,
            "precision": 0.0
        },
        "0.5": {
            "accuracy": 0.0,
            "f1_score": 0.0,
            "recall": 0.0,
            "precision": 0.0
        },
        "0.55": {
            "accuracy": 0.0,
            "f1_score": 0.0,
            "recall": 0.0,
            "precision": 0.0
        },
        "0.6": {
            "accuracy": 0.0,
            "f1_score": 0.0,
            "recall": 0.0,
            "precision": 0.0
        },
        "0.65": {
            "accuracy": 0.0,
            "f1_score": 0.0,
            "recall": 0.0,
            "precision": 0.0
        },
        "0.7": {
            "accuracy": 0.0,
            "f1_score": 0.0,
            "recall": 0.0,
            "precision": 0.0
        },
        "0.75": {
            "accuracy": 0.0,
            "f1_score": 0.0,
            "recall": 0.0,
            "precision": 0.0
        },
        "0.8": {
            "accuracy": 0.0,
            "f1_score": 0.0,
            "recall": 0.0,
            "precision": 0.0
        },
        "0.85": {
            "accuracy": 0.0,
            "f1_score": 0.0,
            "recall": 0.0,
            "precision": 0.0
        },
        "0.9": {
            "accuracy": 0.0,
            "f1_score": 0.0,
            "recall": 0.0,
            "precision": 0.0
        },
        "0.95": {
            "accuracy": 0.0,
            "f1_score": 0.0,
            "recall": 0.0,
            "precision": 0.0
        },
        "0.99": {
            "accuracy": 0.0,
            "f1_score": 0.0,
            "recall": 0.0,
            "precision": 0.0
        }
    }
}