{
    "target": {
        "0.0": {
            "accuracy": 0.997,
            "f1_score": 0.9984977466199298,
            "recall": 0.997,
            "precision": 1.0
        },
        "0.1": {
            "accuracy": 0.997,
            "f1_score": 0.9984977466199298,
            "recall": 0.997,
            "precision": 1.0
        },
        "0.15": {
            "accuracy": 0.999,
            "f1_score": 0.9994997498749375,
            "recall": 0.999,
            "precision": 1.0
        },
        "0.2": {
            "accuracy": 0.999,
            "f1_score": 0.9994997498749375,
            "recall": 0.999,
            "precision": 1.0
        },
        "0.25": {
            "accuracy": 0.998,
            "f1_score": 0.998998998998999,
            "recall": 0.998,
            "precision": 1.0
        },
        "0.3": {
            "accuracy": 0.997,
            "f1_score": 0.9984977466199298,
            "recall": 0.997,
            "precision": 1.0
        },
        "0.35": {
            "accuracy": 0.997,
            "f1_score": 0.9984977466199298,
            "recall": 0.997,
            "precision": 1.0
        },
        "0.4": {
            "accuracy": 0.997,
            "f1_score": 0.9984977466199298,
            "recall": 0.997,
            "precision": 1.0
        },
        "0.45": {
            "accuracy": 0.997,
            "f1_score": 0.9984977466199298,
            "recall": 0.997,
            "precision": 1.0
        },
        "0.5": {
            "accuracy": 0.996,
            "f1_score": 0.9979959919839679,
            "recall": 0.996,
            "precision": 1.0
        },
        "0.55": {
            "accuracy": 0.994,
            "f1_score": 0.9969909729187563,
            "recall": 0.994,
            "precision": 1.0
        },
        "0.6": {
            "accuracy": 0.994,
            "f1_score": 0.9969909729187563,
            "recall": 0.994,
            "precision": 1.0
        },
        "0.65": {
            "accuracy": 0.992,
            "f1_score": 0.9959839357429718,
            "recall": 0.992,
            "precision": 1.0
        },
        "0.7": {
            "accuracy": 0.989,
            "f1_score": 0.9944695827048768,
            "recall": 0.989,
            "precision": 1.0
        },
        "0.75": {
            "accuracy": 0.981,
            "f1_score": 0.9904088844018173,
            "recall": 0.981,
            "precision": 1.0
        },
        "0.8": {
            "accuracy": 0.973,
            "f1_score": 0.9863152559553978,
            "recall": 0.973,
            "precision": 1.0
        },
        "0.85": {
            "accuracy": 0.955,
            "f1_score": 0.9769820971867008,
            "recall": 0.955,
            "precision": 1.0
        },
        "0.9": {
            "accuracy": 0.869,
            "f1_score": 0.9299090422685928,
            "recall": 0.869,
            "precision": 1.0
        },
        "0.95": {
            "accuracy": 0.52,
            "f1_score": 0.6842105263157895,
            "recall": 0.52,
            "precision": 1.0
        },
        "0.99": {
            "accuracy": 0.001,
            "f1_score": 0.001998001998001998,
            "recall": 0.001,
            "precision": 1.0
        }
    },
    "baseline": {
        "0.0": {
            "accuracy": 0.0,
            "f1_score": 0.0,
            "recall": 0.0,
            "precision": 0.0
        },
        "0.1": {
            "accuracy": 0.0,
            "f1_score": 0.0,
            "recall": 0.0,
            "precision": 0.0
        },
        "0.15": {
            "accuracy": 0.0,
            "f1_score": 0.0,
            "recall": 0.0,
            "precision": 0.0
        },
        "0.2": {
            "accuracy": 0.0,
            "f1_score": 0.0,
            "recall": 0.0,
            "precision": 0.0
        },
        "0.25": {
            "accuracy": 0.0,
            "f1_score": 0.0,
            "recall": 0.0,
            "precision": 0.0
        },
        "0.3": {
            "accuracy": 0.0,
            "f1_score": 0.0,
            "recall": 0.0,
            "precision": 0.0
        },
        "0.35": {
            "accuracy": 0.0,
            "f1_score": 0.0,
            "recall": 0.0,
            "precision": 0.0
        },
        "0.4": {
            "accuracy": 0.0,
            "f1_score": 0.0,
            "recall": 0.0,
            "precision": 0.0
        },
        "0.45": {
            "accuracy": 0.0,
            "f1_score": 0.0,
            "recall": 0.0,
            "precision": 0.0
        },
        "0.5": {
            "accuracy": 0.0,
            "f1_score": 0.0,
            "recall": 0.0,
            "precision": 0.0
        },
        "0.55": {
            "accuracy": 0.0,
            "f1_score": 0.0,
            "recall": 0.0,
            "precision": 0.0
        },
        "0.6": {
            "accuracy": 0.0,
            "f1_score": 0.0,
            "recall": 0.0,
            "precision": 0.0
        },
        "0.65": {
            "accuracy": 0.0,
            "f1_score": 0.0,
            "recall": 0.0,
            "precision": 0.0
        },
        "0.7": {
            "accuracy": 0.0,
            "f1_score": 0.0,
            "recall": 0.0,
            "precision": 0.0
        },
        "0.75": {
            "accuracy": 0.0,
            "f1_score": 0.0,
            "recall": 0.0,
            "precision": 0.0
        },
        "0.8": {
            "accuracy": 0.0,
            "f1_score": 0.0,
            "recall": 0.0,
            "precision": 0.0
        },
        "0.85": {
            "accuracy": 0.0,
            "f1_score": 0.0,
            "recall": 0.0,
            "precision": 0.0
        },
        "0.9": {
            "accuracy": 0.0,
            "f1_score": 0.0,
            "recall": 0.0,
            "precision": 0.0
        },
        "0.95": {
            "accuracy": 0.0,
            "f1_score": 0.0,
            "recall": 0.0,
            "precision": 0.0
        },
        "0.99": {
            "accuracy": 0.0,
            "f1_score": 0.0,
            "recall": 0.0,
            "precision": 0.0
        }
    }
}