{
    "target": {
        "0.0": {
            "accuracy": 0.997,
            "f1_score": 0.9984977466199298,
            "recall": 0.997,
            "precision": 1.0
        },
        "0.1": {
            "accuracy": 0.855,
            "f1_score": 0.921832884097035,
            "recall": 0.855,
            "precision": 1.0
        },
        "0.15": {
            "accuracy": 0.819,
            "f1_score": 0.9004947773501925,
            "recall": 0.819,
            "precision": 1.0
        },
        "0.2": {
            "accuracy": 0.787,
            "f1_score": 0.8808058198097369,
            "recall": 0.787,
            "precision": 1.0
        },
        "0.25": {
            "accuracy": 0.758,
            "f1_score": 0.8623435722411832,
            "recall": 0.758,
            "precision": 1.0
        },
        "0.3": {
            "accuracy": 0.733,
            "f1_score": 0.845931909982689,
            "recall": 0.733,
            "precision": 1.0
        },
        "0.35": {
            "accuracy": 0.701,
            "f1_score": 0.8242210464432687,
            "recall": 0.701,
            "precision": 1.0
        },
        "0.4": {
            "accuracy": 0.67,
            "f1_score": 0.8023952095808383,
            "recall": 0.67,
            "precision": 1.0
        },
        "0.45": {
            "accuracy": 0.649,
            "f1_score": 0.7871437234687689,
            "recall": 0.649,
            "precision": 1.0
        },
        "0.5": {
            "accuracy": 0.615,
            "f1_score": 0.7616099071207431,
            "recall": 0.615,
            "precision": 1.0
        },
        "0.55": {
            "accuracy": 0.588,
            "f1_score": 0.7405541561712846,
            "recall": 0.588,
            "precision": 1.0
        },
        "0.6": {
            "accuracy": 0.576,
            "f1_score": 0.7309644670050761,
            "recall": 0.576,
            "precision": 1.0
        },
        "0.65": {
            "accuracy": 0.548,
            "f1_score": 0.7080103359173127,
            "recall": 0.548,
            "precision": 1.0
        },
        "0.7": {
            "accuracy": 0.532,
            "f1_score": 0.6945169712793734,
            "recall": 0.532,
            "precision": 1.0
        },
        "0.75": {
            "accuracy": 0.511,
            "f1_score": 0.6763732627399074,
            "recall": 0.511,
            "precision": 1.0
        },
        "0.8": {
            "accuracy": 0.496,
            "f1_score": 0.6631016042780749,
            "recall": 0.496,
            "precision": 1.0
        },
        "0.85": {
            "accuracy": 0.449,
            "f1_score": 0.6197377501725327,
            "recall": 0.449,
            "precision": 1.0
        },
        "0.9": {
            "accuracy": 0.405,
            "f1_score": 0.5765124555160143,
            "recall": 0.405,
            "precision": 1.0
        },
        "0.95": {
            "accuracy": 0.243,
            "f1_score": 0.3909895414320193,
            "recall": 0.243,
            "precision": 1.0
        },
        "0.99": {
            "accuracy": 0.0,
            "f1_score": 0.0,
            "recall": 0.0,
            "precision": 0.0
        }
    },
    "baseline": {
        "0.0": {
            "accuracy": 0.0,
            "f1_score": 0.0,
            "recall": 0.0,
            "precision": 0.0
        },
        "0.1": {
            "accuracy": 0.0,
            "f1_score": 0.0,
            "recall": 0.0,
            "precision": 0.0
        },
        "0.15": {
            "accuracy": 0.0,
            "f1_score": 0.0,
            "recall": 0.0,
            "precision": 0.0
        },
        "0.2": {
            "accuracy": 0.0,
            "f1_score": 0.0,
            "recall": 0.0,
            "precision": 0.0
        },
        "0.25": {
            "accuracy": 0.0,
            "f1_score": 0.0,
            "recall": 0.0,
            "precision": 0.0
        },
        "0.3": {
            "accuracy": 0.0,
            "f1_score": 0.0,
            "recall": 0.0,
            "precision": 0.0
        },
        "0.35": {
            "accuracy": 0.0,
            "f1_score": 0.0,
            "recall": 0.0,
            "precision": 0.0
        },
        "0.4": {
            "accuracy": 0.0,
            "f1_score": 0.0,
            "recall": 0.0,
            "precision": 0.0
        },
        "0.45": {
            "accuracy": 0.0,
            "f1_score": 0.0,
            "recall": 0.0,
            "precision": 0.0
        },
        "0.5": {
            "accuracy": 0.0,
            "f1_score": 0.0,
            "recall": 0.0,
            "precision": 0.0
        },
        "0.55": {
            "accuracy": 0.0,
            "f1_score": 0.0,
            "recall": 0.0,
            "precision": 0.0
        },
        "0.6": {
            "accuracy": 0.0,
            "f1_score": 0.0,
            "recall": 0.0,
            "precision": 0.0
        },
        "0.65": {
            "accuracy": 0.0,
            "f1_score": 0.0,
            "recall": 0.0,
            "precision": 0.0
        },
        "0.7": {
            "accuracy": 0.0,
            "f1_score": 0.0,
            "recall": 0.0,
            "precision": 0.0
        },
        "0.75": {
            "accuracy": 0.0,
            "f1_score": 0.0,
            "recall": 0.0,
            "precision": 0.0
        },
        "0.8": {
            "accuracy": 0.0,
            "f1_score": 0.0,
            "recall": 0.0,
            "precision": 0.0
        },
        "0.85": {
            "accuracy": 0.0,
            "f1_score": 0.0,
            "recall": 0.0,
            "precision": 0.0
        },
        "0.9": {
            "accuracy": 0.0,
            "f1_score": 0.0,
            "recall": 0.0,
            "precision": 0.0
        },
        "0.95": {
            "accuracy": 0.0,
            "f1_score": 0.0,
            "recall": 0.0,
            "precision": 0.0
        },
        "0.99": {
            "accuracy": 0.0,
            "f1_score": 0.0,
            "recall": 0.0,
            "precision": 0.0
        }
    }
}