{
    "target": {
        "0.0": {
            "accuracy": 0.517,
            "f1_score": 0.6816084377059987,
            "recall": 0.517,
            "precision": 1.0
        },
        "0.1": {
            "accuracy": 0.793,
            "f1_score": 0.8845510317902956,
            "recall": 0.793,
            "precision": 1.0
        },
        "0.15": {
            "accuracy": 0.803,
            "f1_score": 0.8907376594564614,
            "recall": 0.803,
            "precision": 1.0
        },
        "0.2": {
            "accuracy": 0.801,
            "f1_score": 0.889505830094392,
            "recall": 0.801,
            "precision": 1.0
        },
        "0.25": {
            "accuracy": 0.782,
            "f1_score": 0.877665544332211,
            "recall": 0.782,
            "precision": 1.0
        },
        "0.3": {
            "accuracy": 0.766,
            "f1_score": 0.8674971687429218,
            "recall": 0.766,
            "precision": 1.0
        },
        "0.35": {
            "accuracy": 0.742,
            "f1_score": 0.851894374282434,
            "recall": 0.742,
            "precision": 1.0
        },
        "0.4": {
            "accuracy": 0.701,
            "f1_score": 0.8242210464432687,
            "recall": 0.701,
            "precision": 1.0
        },
        "0.45": {
            "accuracy": 0.649,
            "f1_score": 0.7871437234687689,
            "recall": 0.649,
            "precision": 1.0
        },
        "0.5": {
            "accuracy": 0.605,
            "f1_score": 0.7538940809968847,
            "recall": 0.605,
            "precision": 1.0
        },
        "0.55": {
            "accuracy": 0.557,
            "f1_score": 0.7154784842646115,
            "recall": 0.557,
            "precision": 1.0
        },
        "0.6": {
            "accuracy": 0.491,
            "f1_score": 0.6586183769282361,
            "recall": 0.491,
            "precision": 1.0
        },
        "0.65": {
            "accuracy": 0.415,
            "f1_score": 0.5865724381625441,
            "recall": 0.415,
            "precision": 1.0
        },
        "0.7": {
            "accuracy": 0.354,
            "f1_score": 0.5228951255539144,
            "recall": 0.354,
            "precision": 1.0
        },
        "0.75": {
            "accuracy": 0.299,
            "f1_score": 0.4603541185527329,
            "recall": 0.299,
            "precision": 1.0
        },
        "0.8": {
            "accuracy": 0.262,
            "f1_score": 0.4152139461172742,
            "recall": 0.262,
            "precision": 1.0
        },
        "0.85": {
            "accuracy": 0.217,
            "f1_score": 0.35661462612982747,
            "recall": 0.217,
            "precision": 1.0
        },
        "0.9": {
            "accuracy": 0.17,
            "f1_score": 0.2905982905982906,
            "recall": 0.17,
            "precision": 1.0
        },
        "0.95": {
            "accuracy": 0.112,
            "f1_score": 0.2014388489208633,
            "recall": 0.112,
            "precision": 1.0
        },
        "0.99": {
            "accuracy": 0.01,
            "f1_score": 0.019801980198019802,
            "recall": 0.01,
            "precision": 1.0
        }
    },
    "baseline": {
        "0.0": {
            "accuracy": 0.0,
            "f1_score": 0.0,
            "recall": 0.0,
            "precision": 0.0
        },
        "0.1": {
            "accuracy": 0.0,
            "f1_score": 0.0,
            "recall": 0.0,
            "precision": 0.0
        },
        "0.15": {
            "accuracy": 0.0,
            "f1_score": 0.0,
            "recall": 0.0,
            "precision": 0.0
        },
        "0.2": {
            "accuracy": 0.0,
            "f1_score": 0.0,
            "recall": 0.0,
            "precision": 0.0
        },
        "0.25": {
            "accuracy": 0.0,
            "f1_score": 0.0,
            "recall": 0.0,
            "precision": 0.0
        },
        "0.3": {
            "accuracy": 0.0,
            "f1_score": 0.0,
            "recall": 0.0,
            "precision": 0.0
        },
        "0.35": {
            "accuracy": 0.0,
            "f1_score": 0.0,
            "recall": 0.0,
            "precision": 0.0
        },
        "0.4": {
            "accuracy": 0.0,
            "f1_score": 0.0,
            "recall": 0.0,
            "precision": 0.0
        },
        "0.45": {
            "accuracy": 0.0,
            "f1_score": 0.0,
            "recall": 0.0,
            "precision": 0.0
        },
        "0.5": {
            "accuracy": 0.0,
            "f1_score": 0.0,
            "recall": 0.0,
            "precision": 0.0
        },
        "0.55": {
            "accuracy": 0.0,
            "f1_score": 0.0,
            "recall": 0.0,
            "precision": 0.0
        },
        "0.6": {
            "accuracy": 0.0,
            "f1_score": 0.0,
            "recall": 0.0,
            "precision": 0.0
        },
        "0.65": {
            "accuracy": 0.0,
            "f1_score": 0.0,
            "recall": 0.0,
            "precision": 0.0
        },
        "0.7": {
            "accuracy": 0.0,
            "f1_score": 0.0,
            "recall": 0.0,
            "precision": 0.0
        },
        "0.75": {
            "accuracy": 0.0,
            "f1_score": 0.0,
            "recall": 0.0,
            "precision": 0.0
        },
        "0.8": {
            "accuracy": 0.0,
            "f1_score": 0.0,
            "recall": 0.0,
            "precision": 0.0
        },
        "0.85": {
            "accuracy": 0.0,
            "f1_score": 0.0,
            "recall": 0.0,
            "precision": 0.0
        },
        "0.9": {
            "accuracy": 0.0,
            "f1_score": 0.0,
            "recall": 0.0,
            "precision": 0.0
        },
        "0.95": {
            "accuracy": 0.0,
            "f1_score": 0.0,
            "recall": 0.0,
            "precision": 0.0
        },
        "0.99": {
            "accuracy": 0.0,
            "f1_score": 0.0,
            "recall": 0.0,
            "precision": 0.0
        }
    }
}