{
    "target": {
        "0.0": {
            "accuracy": 0.997,
            "f1_score": 0.9984977466199298,
            "recall": 0.997,
            "precision": 1.0
        },
        "0.1": {
            "accuracy": 0.989,
            "f1_score": 0.9944695827048768,
            "recall": 0.989,
            "precision": 1.0
        },
        "0.15": {
            "accuracy": 0.986,
            "f1_score": 0.9929506545820745,
            "recall": 0.986,
            "precision": 1.0
        },
        "0.2": {
            "accuracy": 0.983,
            "f1_score": 0.9914271306101866,
            "recall": 0.983,
            "precision": 1.0
        },
        "0.25": {
            "accuracy": 0.979,
            "f1_score": 0.989388580090955,
            "recall": 0.979,
            "precision": 1.0
        },
        "0.3": {
            "accuracy": 0.968,
            "f1_score": 0.983739837398374,
            "recall": 0.968,
            "precision": 1.0
        },
        "0.35": {
            "accuracy": 0.953,
            "f1_score": 0.9759344598054276,
            "recall": 0.953,
            "precision": 1.0
        },
        "0.4": {
            "accuracy": 0.949,
            "f1_score": 0.9738327347357619,
            "recall": 0.949,
            "precision": 1.0
        },
        "0.45": {
            "accuracy": 0.949,
            "f1_score": 0.9738327347357619,
            "recall": 0.949,
            "precision": 1.0
        },
        "0.5": {
            "accuracy": 0.934,
            "f1_score": 0.9658738366080661,
            "recall": 0.934,
            "precision": 1.0
        },
        "0.55": {
            "accuracy": 0.924,
            "f1_score": 0.9604989604989606,
            "recall": 0.924,
            "precision": 1.0
        },
        "0.6": {
            "accuracy": 0.885,
            "f1_score": 0.9389920424403183,
            "recall": 0.885,
            "precision": 1.0
        },
        "0.65": {
            "accuracy": 0.829,
            "f1_score": 0.9065062875888463,
            "recall": 0.829,
            "precision": 1.0
        },
        "0.7": {
            "accuracy": 0.797,
            "f1_score": 0.8870339454646633,
            "recall": 0.797,
            "precision": 1.0
        },
        "0.75": {
            "accuracy": 0.675,
            "f1_score": 0.8059701492537313,
            "recall": 0.675,
            "precision": 1.0
        },
        "0.8": {
            "accuracy": 0.502,
            "f1_score": 0.6684420772303595,
            "recall": 0.502,
            "precision": 1.0
        },
        "0.85": {
            "accuracy": 0.291,
            "f1_score": 0.45081332300542215,
            "recall": 0.291,
            "precision": 1.0
        },
        "0.9": {
            "accuracy": 0.087,
            "f1_score": 0.16007359705611776,
            "recall": 0.087,
            "precision": 1.0
        },
        "0.95": {
            "accuracy": 0.005,
            "f1_score": 0.009950248756218905,
            "recall": 0.005,
            "precision": 1.0
        },
        "0.99": {
            "accuracy": 0.0,
            "f1_score": 0.0,
            "recall": 0.0,
            "precision": 0.0
        }
    },
    "baseline": {
        "0.0": {
            "accuracy": 0.0,
            "f1_score": 0.0,
            "recall": 0.0,
            "precision": 0.0
        },
        "0.1": {
            "accuracy": 0.0,
            "f1_score": 0.0,
            "recall": 0.0,
            "precision": 0.0
        },
        "0.15": {
            "accuracy": 0.0,
            "f1_score": 0.0,
            "recall": 0.0,
            "precision": 0.0
        },
        "0.2": {
            "accuracy": 0.0,
            "f1_score": 0.0,
            "recall": 0.0,
            "precision": 0.0
        },
        "0.25": {
            "accuracy": 0.0,
            "f1_score": 0.0,
            "recall": 0.0,
            "precision": 0.0
        },
        "0.3": {
            "accuracy": 0.0,
            "f1_score": 0.0,
            "recall": 0.0,
            "precision": 0.0
        },
        "0.35": {
            "accuracy": 0.0,
            "f1_score": 0.0,
            "recall": 0.0,
            "precision": 0.0
        },
        "0.4": {
            "accuracy": 0.0,
            "f1_score": 0.0,
            "recall": 0.0,
            "precision": 0.0
        },
        "0.45": {
            "accuracy": 0.0,
            "f1_score": 0.0,
            "recall": 0.0,
            "precision": 0.0
        },
        "0.5": {
            "accuracy": 0.0,
            "f1_score": 0.0,
            "recall": 0.0,
            "precision": 0.0
        },
        "0.55": {
            "accuracy": 0.0,
            "f1_score": 0.0,
            "recall": 0.0,
            "precision": 0.0
        },
        "0.6": {
            "accuracy": 0.0,
            "f1_score": 0.0,
            "recall": 0.0,
            "precision": 0.0
        },
        "0.65": {
            "accuracy": 0.0,
            "f1_score": 0.0,
            "recall": 0.0,
            "precision": 0.0
        },
        "0.7": {
            "accuracy": 0.0,
            "f1_score": 0.0,
            "recall": 0.0,
            "precision": 0.0
        },
        "0.75": {
            "accuracy": 0.0,
            "f1_score": 0.0,
            "recall": 0.0,
            "precision": 0.0
        },
        "0.8": {
            "accuracy": 0.0,
            "f1_score": 0.0,
            "recall": 0.0,
            "precision": 0.0
        },
        "0.85": {
            "accuracy": 0.0,
            "f1_score": 0.0,
            "recall": 0.0,
            "precision": 0.0
        },
        "0.9": {
            "accuracy": 0.0,
            "f1_score": 0.0,
            "recall": 0.0,
            "precision": 0.0
        },
        "0.95": {
            "accuracy": 0.0,
            "f1_score": 0.0,
            "recall": 0.0,
            "precision": 0.0
        },
        "0.99": {
            "accuracy": 0.0,
            "f1_score": 0.0,
            "recall": 0.0,
            "precision": 0.0
        }
    }
}