{
    "target": {
        "0.0": {
            "accuracy": 0.963,
            "f1_score": 0.9811512990320937,
            "recall": 0.963,
            "precision": 1.0
        },
        "0.1": {
            "accuracy": 0.954,
            "f1_score": 0.9764585465711362,
            "recall": 0.954,
            "precision": 1.0
        },
        "0.15": {
            "accuracy": 0.962,
            "f1_score": 0.980632008154944,
            "recall": 0.962,
            "precision": 1.0
        },
        "0.2": {
            "accuracy": 0.962,
            "f1_score": 0.980632008154944,
            "recall": 0.962,
            "precision": 1.0
        },
        "0.25": {
            "accuracy": 0.964,
            "f1_score": 0.9816700610997964,
            "recall": 0.964,
            "precision": 1.0
        },
        "0.3": {
            "accuracy": 0.966,
            "f1_score": 0.982706002034588,
            "recall": 0.966,
            "precision": 1.0
        },
        "0.35": {
            "accuracy": 0.962,
            "f1_score": 0.980632008154944,
            "recall": 0.962,
            "precision": 1.0
        },
        "0.4": {
            "accuracy": 0.965,
            "f1_score": 0.9821882951653944,
            "recall": 0.965,
            "precision": 1.0
        },
        "0.45": {
            "accuracy": 0.959,
            "f1_score": 0.9790709545686574,
            "recall": 0.959,
            "precision": 1.0
        },
        "0.5": {
            "accuracy": 0.949,
            "f1_score": 0.9738327347357619,
            "recall": 0.949,
            "precision": 1.0
        },
        "0.55": {
            "accuracy": 0.947,
            "f1_score": 0.9727786337955829,
            "recall": 0.947,
            "precision": 1.0
        },
        "0.6": {
            "accuracy": 0.938,
            "f1_score": 0.9680082559339526,
            "recall": 0.938,
            "precision": 1.0
        },
        "0.65": {
            "accuracy": 0.912,
            "f1_score": 0.9539748953974896,
            "recall": 0.912,
            "precision": 1.0
        },
        "0.7": {
            "accuracy": 0.891,
            "f1_score": 0.9423585404547858,
            "recall": 0.891,
            "precision": 1.0
        },
        "0.75": {
            "accuracy": 0.804,
            "f1_score": 0.8913525498891353,
            "recall": 0.804,
            "precision": 1.0
        },
        "0.8": {
            "accuracy": 0.694,
            "f1_score": 0.8193624557260921,
            "recall": 0.694,
            "precision": 1.0
        },
        "0.85": {
            "accuracy": 0.486,
            "f1_score": 0.6541049798115747,
            "recall": 0.486,
            "precision": 1.0
        },
        "0.9": {
            "accuracy": 0.251,
            "f1_score": 0.4012789768185452,
            "recall": 0.251,
            "precision": 1.0
        },
        "0.95": {
            "accuracy": 0.044,
            "f1_score": 0.0842911877394636,
            "recall": 0.044,
            "precision": 1.0
        },
        "0.99": {
            "accuracy": 0.0,
            "f1_score": 0.0,
            "recall": 0.0,
            "precision": 0.0
        }
    },
    "baseline": {
        "0.0": {
            "accuracy": 0.0,
            "f1_score": 0.0,
            "recall": 0.0,
            "precision": 0.0
        },
        "0.1": {
            "accuracy": 0.0,
            "f1_score": 0.0,
            "recall": 0.0,
            "precision": 0.0
        },
        "0.15": {
            "accuracy": 0.0,
            "f1_score": 0.0,
            "recall": 0.0,
            "precision": 0.0
        },
        "0.2": {
            "accuracy": 0.0,
            "f1_score": 0.0,
            "recall": 0.0,
            "precision": 0.0
        },
        "0.25": {
            "accuracy": 0.0,
            "f1_score": 0.0,
            "recall": 0.0,
            "precision": 0.0
        },
        "0.3": {
            "accuracy": 0.0,
            "f1_score": 0.0,
            "recall": 0.0,
            "precision": 0.0
        },
        "0.35": {
            "accuracy": 0.0,
            "f1_score": 0.0,
            "recall": 0.0,
            "precision": 0.0
        },
        "0.4": {
            "accuracy": 0.0,
            "f1_score": 0.0,
            "recall": 0.0,
            "precision": 0.0
        },
        "0.45": {
            "accuracy": 0.0,
            "f1_score": 0.0,
            "recall": 0.0,
            "precision": 0.0
        },
        "0.5": {
            "accuracy": 0.0,
            "f1_score": 0.0,
            "recall": 0.0,
            "precision": 0.0
        },
        "0.55": {
            "accuracy": 0.0,
            "f1_score": 0.0,
            "recall": 0.0,
            "precision": 0.0
        },
        "0.6": {
            "accuracy": 0.0,
            "f1_score": 0.0,
            "recall": 0.0,
            "precision": 0.0
        },
        "0.65": {
            "accuracy": 0.0,
            "f1_score": 0.0,
            "recall": 0.0,
            "precision": 0.0
        },
        "0.7": {
            "accuracy": 0.0,
            "f1_score": 0.0,
            "recall": 0.0,
            "precision": 0.0
        },
        "0.75": {
            "accuracy": 0.0,
            "f1_score": 0.0,
            "recall": 0.0,
            "precision": 0.0
        },
        "0.8": {
            "accuracy": 0.0,
            "f1_score": 0.0,
            "recall": 0.0,
            "precision": 0.0
        },
        "0.85": {
            "accuracy": 0.0,
            "f1_score": 0.0,
            "recall": 0.0,
            "precision": 0.0
        },
        "0.9": {
            "accuracy": 0.0,
            "f1_score": 0.0,
            "recall": 0.0,
            "precision": 0.0
        },
        "0.95": {
            "accuracy": 0.0,
            "f1_score": 0.0,
            "recall": 0.0,
            "precision": 0.0
        },
        "0.99": {
            "accuracy": 0.0,
            "f1_score": 0.0,
            "recall": 0.0,
            "precision": 0.0
        }
    }
}